concealed,display,flowers,best_discard
1_BAM;3_BAM;4_BAM;5_BAM;4_CHAR;5_CHAR;8_CHAR;5_DOT;8_DOT;EAST;NORTH,2_BAM;2_BAM;2_BAM,,NORTH
4_BAM;2_CHAR;5_CHAR;8_CHAR;9_CHAR;1_DOT;2_DOT;2_DOT;2_DOT;2_DOT;6_DOT;8_DOT;9_DOT;WHITE,,chicken;cat,WHITE
1_BAM;4_BAM;6_BAM;6_BAM;8_CHAR;4_DOT;8_DOT;RED,1_DOT;1_DOT;1_DOT;WEST;WEST;WEST,red_4;red_1,8_CHAR
1_BAM;1_BAM;6_BAM;2_CHAR;2_CHAR;7_CHAR;9_CHAR;2_DOT;8_DOT;WEST;GREEN,1_DOT;1_DOT;1_DOT,blue_3;chicken,8_DOT
2_BAM;3_BAM;2_CHAR;7_CHAR;9_CHAR;9_CHAR;4_DOT;5_DOT;5_DOT;5_DOT;9_DOT;EAST;RED;RED,,,EAST
1_BAM;5_BAM;9_BAM;9_BAM;1_CHAR;7_CHAR;8_CHAR;1_DOT;3_DOT;SOUTH;WEST,6_DOT;7_DOT;8_DOT,blue_4;chicken,SOUTH
3_BAM;4_BAM;5_BAM;6_BAM;6_BAM;9_BAM;4_DOT;GREEN,3_BAM;3_BAM;3_BAM;GREEN;GREEN;GREEN,blue_2;cat,4_DOT
2_BAM;4_BAM;6_BAM;1_CHAR;6_CHAR;1_DOT;2_DOT;EAST,9_BAM;9_BAM;9_BAM;1_CHAR;1_CHAR;1_CHAR,,6_CHAR
3_BAM;5_BAM;6_BAM;8_BAM;8_BAM;7_CHAR;8_CHAR;9_CHAR;9_CHAR;5_DOT;6_DOT;EAST;GREEN;WHITE,,red_4,EAST
1_BAM;3_BAM;9_BAM;2_CHAR;3_CHAR;3_CHAR;4_CHAR;6_CHAR;1_DOT;1_DOT;9_DOT,6_BAM;6_BAM;6_BAM,,9_DOT
2_BAM;7_BAM;2_CHAR;2_CHAR;2_CHAR;1_DOT;EAST;GREEN,3_DOT;3_DOT;3_DOT;1_BAM;1_BAM;1_BAM,red_4,7_BAM
1_BAM;8_BAM;8_BAM;9_BAM;2_CHAR;5_CHAR;4_DOT;6_DOT;7_DOT;RED;RED,6_CHAR;6_CHAR;6_CHAR,,1_BAM
1_BAM;1_BAM;7_BAM;2_CHAR;3_DOT;5_DOT;EAST;SOUTH,3_BAM;4_BAM;5_BAM;7_CHAR;8_CHAR;9_CHAR,blue_1;red_4,SOUTH
2_BAM;3_BAM;6_BAM;8_BAM;3_CHAR;8_CHAR;9_CHAR;7_DOT;9_DOT;EAST;WEST,6_DOT;7_DOT;8_DOT,,WEST
8_BAM;9_BAM;2_CHAR;7_DOT;EAST;SOUTH;SOUTH;RED,6_DOT;7_DOT;8_DOT;2_DOT;3_DOT;4_DOT,,EAST
1_BAM;4_BAM;9_BAM;6_CHAR;2_DOT;5_DOT;RED;GREEN,3_BAM;4_BAM;5_BAM;3_CHAR;3_CHAR;3_CHAR,,9_BAM
4_CHAR;4_CHAR;5_CHAR;5_DOT;8_DOT;GREEN;GREEN;WHITE,6_DOT;7_DOT;8_DOT;7_BAM;7_BAM;7_BAM,rat;chicken,WHITE
2_BAM;5_BAM;6_BAM;8_BAM;2_CHAR;1_DOT;4_DOT;4_DOT;9_DOT;SOUTH;RED,NORTH;NORTH;NORTH,red_4;centipede,2_CHAR
1_BAM;1_BAM;2_CHAR;3_CHAR;4_CHAR;6_CHAR;7_CHAR;9_CHAR;2_DOT;4_DOT;EAST;NORTH;RED;WHITE,,,RED
1_BAM;2_BAM;6_BAM;2_CHAR;WEST;NORTH;GREEN;WHITE,2_DOT;2_DOT;2_DOT;5_BAM;5_BAM;5_BAM,,GREEN
2_BAM;5_BAM;8_BAM;8_BAM;4_CHAR;5_CHAR;9_CHAR;2_DOT;5_DOT;8_DOT;SOUTH;WEST;RED;GREEN,,red_3;cat,GREEN
1_BAM;2_BAM;3_BAM;5_BAM;7_BAM;9_BAM;1_CHAR;6_CHAR;9_CHAR;1_DOT;2_DOT;5_DOT;7_DOT;NORTH,,blue_4,NORTH
8_CHAR;9_CHAR;2_DOT;3_DOT;5_DOT;6_DOT;7_DOT;WHITE,GREEN;GREEN;GREEN;NORTH;NORTH;NORTH,,9_CHAR
1_BAM;2_BAM;6_BAM;8_BAM;4_DOT;6_DOT;7_DOT;NORTH,3_BAM;3_BAM;3_BAM;2_BAM;2_BAM;2_BAM,centipede;red_4,4_DOT
1_BAM;1_BAM;2_BAM;8_BAM;2_CHAR;7_CHAR;9_CHAR;1_DOT;6_DOT;6_DOT;8_DOT;9_DOT;EAST;WEST,,chicken;blue_1,WEST
2_BAM;3_BAM;4_BAM;9_BAM;5_CHAR;5_DOT;RED;WHITE,2_DOT;3_DOT;4_DOT;7_BAM;8_BAM;9_BAM,,RED
4_BAM;4_BAM;1_CHAR;5_CHAR;6_CHAR;6_CHAR;2_DOT;9_DOT;EAST;RED;WHITE,7_BAM;8_BAM;9_BAM,,RED
5_BAM;9_BAM;2_CHAR;2_CHAR;4_CHAR;4_CHAR;5_CHAR;1_DOT;4_DOT;8_DOT;SOUTH;RED;GREEN;WHITE,,centipede,SOUTH
1_BAM;4_BAM;5_BAM;5_BAM;7_BAM;1_DOT;5_DOT;5_DOT;6_DOT;8_DOT;NORTH,7_BAM;8_BAM;9_BAM,,NORTH
5_BAM;6_BAM;6_BAM;9_BAM;6_CHAR;8_CHAR;8_CHAR;7_DOT;8_DOT;EAST;WEST,5_CHAR;6_CHAR;7_CHAR,,EAST
1_BAM;4_BAM;4_BAM;5_BAM;6_CHAR;2_DOT;4_DOT;5_DOT;8_DOT;9_DOT;SOUTH,4_BAM;5_BAM;6_BAM,rat;blue_1,SOUTH
1_BAM;2_BAM;2_BAM;6_BAM;9_BAM;1_CHAR;4_CHAR;9_CHAR;1_DOT;5_DOT;WEST,2_CHAR;2_CHAR;2_CHAR,centipede,WEST
4_BAM;5_BAM;7_BAM;7_BAM;2_CHAR;4_CHAR;5_CHAR;5_CHAR;5_CHAR;6_CHAR;1_DOT;8_DOT;GREEN;WHITE,,,WHITE
4_BAM;5_BAM;7_BAM;9_BAM;4_CHAR;9_DOT;WEST;RED,EAST;EAST;EAST;4_DOT;4_DOT;4_DOT,,WEST
2_BAM;2_BAM;7_CHAR;4_DOT;8_DOT;8_DOT;WEST;WEST,2_DOT;3_DOT;4_DOT;2_DOT;3_DOT;4_DOT,blue_1;blue_2,7_CHAR
3_BAM;6_BAM;6_BAM;6_BAM;6_BAM;7_BAM;2_CHAR;8_CHAR;9_CHAR;7_DOT;8_DOT;9_DOT;9_DOT;SOUTH,,blue_3,SOUTH
1_BAM;4_BAM;8_BAM;5_CHAR;3_DOT;5_DOT;EAST;EAST;NORTH;RED;RED,1_CHAR;2_CHAR;3_CHAR,blue_2;red_1,1_BAM
1_BAM;1_BAM;2_BAM;7_BAM;7_CHAR;4_DOT;4_DOT;5_DOT;6_DOT;6_DOT;SOUTH;RED;GREEN;WHITE,,red_3;blue_3,SOUTH
2_BAM;9_BAM;4_DOT;7_DOT;9_DOT;WEST;RED;WHITE,8_CHAR;8_CHAR;8_CHAR;6_CHAR;6_CHAR;6_CHAR,blue_2,4_DOT
2_CHAR;3_CHAR;8_CHAR;5_DOT;6_DOT;7_DOT;EAST;SOUTH,4_CHAR;4_CHAR;4_CHAR;2_CHAR;3_CHAR;4_CHAR,,EAST
1_BAM;5_BAM;1_CHAR;6_CHAR;8_CHAR;4_DOT;6_DOT;SOUTH,5_BAM;6_BAM;7_BAM;6_CHAR;6_CHAR;6_CHAR,,SOUTH
2_BAM;3_BAM;4_BAM;4_CHAR;6_CHAR;9_CHAR;8_DOT;WEST;RED;WHITE;WHITE,SOUTH;SOUTH;SOUTH,,8_DOT
2_BAM;4_BAM;5_BAM;6_BAM;2_CHAR;3_CHAR;3_CHAR;5_CHAR;1_DOT;2_DOT;4_DOT;7_DOT;EAST;GREEN,,red_2;blue_2,EAST
6_BAM;7_BAM;8_BAM;1_CHAR;4_CHAR;4_CHAR;4_CHAR;7_CHAR;WEST;RED;RED,6_BAM;6_BAM;6_BAM,,1_CHAR
6_BAM;1_CHAR;1_DOT;1_DOT;5_DOT;5_DOT;7_DOT;WEST,6_BAM;6_BAM;6_BAM;7_CHAR;8_CHAR;9_CHAR,cat;blue_4,WEST
2_CHAR;9_CHAR;3_DOT;6_DOT;SOUTH;NORTH;NORTH;WHITE,3_BAM;3_BAM;3_BAM;4_DOT;5_DOT;6_DOT,rat,SOUTH
4_BAM;5_BAM;9_BAM;4_DOT;5_DOT;EAST;EAST;SOUTH,1_DOT;2_DOT;3_DOT;4_CHAR;4_CHAR;4_CHAR,blue_2,9_BAM
1_BAM;4_BAM;7_BAM;9_BAM;3_CHAR;9_CHAR;2_DOT;2_DOT;6_DOT;SOUTH;GREEN,4_CHAR;4_CHAR;4_CHAR,blue_4,SOUTH
3_BAM;4_BAM;6_CHAR;1_DOT;1_DOT;WEST;RED;WHITE,6_DOT;7_DOT;8_DOT;7_DOT;8_DOT;9_DOT,rat;blue_4,WEST
5_BAM;5_BAM;8_BAM;8_CHAR;1_DOT;5_DOT;8_DOT;8_DOT;WEST;RED;GREEN,5_CHAR;6_CHAR;7_CHAR,chicken;centipede,WEST
1_BAM;7_CHAR;1_DOT;4_DOT;SOUTH;WEST;WEST;NORTH,1_DOT;1_DOT;1_DOT;6_CHAR;6_CHAR;6_CHAR,red_3,1_BAM
1_BAM;1_CHAR;2_CHAR;6_CHAR;3_DOT;4_DOT;5_DOT;5_DOT;8_DOT;SOUTH;SOUTH;WEST;WHITE;WHITE,,rat;red_1,1_BAM
7_BAM;8_BAM;3_CHAR;6_CHAR;8_CHAR;7_DOT;8_DOT;9_DOT,9_CHAR;9_CHAR;9_CHAR;1_CHAR;2_CHAR;3_CHAR,red_3;blue_2,3_CHAR
1_BAM;1_BAM;1_BAM;2_BAM;3_CHAR;8_CHAR;3_DOT;3_DOT;4_DOT;4_DOT;5_DOT;7_DOT;8_DOT;GREEN,,blue_2,8_CHAR
6_BAM;8_BAM;9_BAM;3_CHAR;3_DOT;5_DOT;5_DOT;5_DOT;9_DOT;WEST;GREEN,3_DOT;4_DOT;5_DOT,blue_2,WEST
3_BAM;4_BAM;4_BAM;3_CHAR;3_CHAR;5_CHAR;6_CHAR;8_CHAR;8_CHAR;8_CHAR;9_CHAR;6_DOT;7_DOT;RED,,,RED
9_BAM;9_BAM;1_CHAR;1_CHAR;7_CHAR;7_CHAR;2_DOT;4_DOT;SOUTH;NORTH;GREEN,6_BAM;7_BAM;8_BAM,chicken;red_1,GREEN
6_BAM;3_CHAR;8_CHAR;2_DOT;6_DOT;EAST;RED;GREEN,3_DOT;4_DOT;5_DOT;4_BAM;4_BAM;4_BAM,red_4,EAST
2_BAM;3_BAM;7_BAM;8_BAM;1_CHAR;1_CHAR;2_CHAR;6_CHAR;4_DOT;7_DOT;8_DOT;SOUTH;RED;WHITE,,red_2,SOUTH
1_BAM;3_BAM;8_BAM;8_BAM;1_CHAR;3_CHAR;3_CHAR;3_CHAR;6_CHAR;7_CHAR;7_DOT;WEST;WEST;RED,,red_4;centipede,7_DOT
7_BAM;9_BAM;2_CHAR;6_CHAR;7_CHAR;4_DOT;SOUTH;WHITE,2_BAM;2_BAM;2_BAM;1_BAM;2_BAM;3_BAM,blue_3,SOUTH
4_BAM;4_BAM;7_BAM;1_CHAR;3_CHAR;9_CHAR;4_DOT;9_DOT,4_BAM;5_BAM;6_BAM;8_DOT;8_DOT;8_DOT,blue_2;cat,9_CHAR
3_BAM;8_BAM;2_CHAR;6_CHAR;6_CHAR;9_CHAR;6_DOT;EAST;EAST;WEST;WHITE,9_DOT;9_DOT;9_DOT,blue_1,WEST
2_BAM;5_BAM;7_BAM;9_BAM;3_CHAR;7_DOT;7_DOT;9_DOT,1_CHAR;2_CHAR;3_CHAR;8_CHAR;8_CHAR;8_CHAR,cat;red_4,2_BAM
1_BAM;2_CHAR;3_CHAR;3_CHAR;1_DOT;2_DOT;2_DOT;9_DOT;WEST;NORTH;WHITE,EAST;EAST;EAST,blue_1;red_4,1_BAM
4_BAM;7_BAM;9_BAM;3_CHAR;3_CHAR;3_CHAR;8_CHAR;9_CHAR;5_DOT;6_DOT;7_DOT;SOUTH;NORTH;GREEN,,rat;chicken,SOUTH
6_BAM;7_BAM;7_BAM;4_CHAR;6_CHAR;4_DOT;5_DOT;6_DOT;6_DOT;9_DOT;WEST,4_DOT;5_DOT;6_DOT,centipede;rat,
6_BAM;1_CHAR;3_CHAR;4_CHAR;9_CHAR;4_DOT;9_DOT;NORTH,2_CHAR;3_CHAR;4_CHAR;2_BAM;3_BAM;4_BAM,red_1,
9_CHAR;5_DOT;6_DOT;8_DOT;EAST;EAST;SOUTH;WHITE,6_CHAR;6_CHAR;6_CHAR;1_DOT;1_DOT;1_DOT,blue_3,
4_BAM;4_BAM;7_BAM;8_BAM;9_BAM;2_CHAR;2_CHAR;2_DOT;SOUTH;WEST;WEST;GREEN;WHITE;WHITE,,chicken,
4_BAM;5_BAM;1_CHAR;3_CHAR;6_CHAR;6_CHAR;2_DOT;7_DOT;RED;WHITE;WHITE,5_DOT;5_DOT;5_DOT,,
2_BAM;6_BAM;7_BAM;9_BAM;2_CHAR;4_CHAR;5_CHAR;4_DOT,4_CHAR;5_CHAR;6_CHAR;EAST;EAST;EAST,,
3_BAM;5_BAM;7_BAM;5_CHAR;7_CHAR;8_DOT;EAST;GREEN,4_BAM;5_BAM;6_BAM;7_DOT;8_DOT;9_DOT,red_4,
6_BAM;6_BAM;7_BAM;7_BAM;8_CHAR;9_CHAR;9_CHAR;2_DOT;5_DOT;6_DOT;NORTH;NORTH;GREEN;WHITE,,blue_3;blue_2,
3_BAM;7_BAM;8_CHAR;2_DOT;2_DOT;6_DOT;7_DOT;9_DOT;SOUTH;NORTH;RED,3_CHAR;4_CHAR;5_CHAR,,
1_BAM;5_CHAR;5_CHAR;8_CHAR;2_DOT;5_DOT;9_DOT;9_DOT;SOUTH;SOUTH;RED,2_CHAR;3_CHAR;4_CHAR,red_2;blue_2,
3_BAM;3_BAM;5_BAM;1_DOT;5_DOT;6_DOT;6_DOT;7_DOT;9_DOT;SOUTH;SOUTH;RED;RED;WHITE,,blue_2;rat,
2_BAM;6_BAM;7_BAM;1_CHAR;3_CHAR;5_CHAR;9_CHAR;4_DOT;4_DOT;8_DOT;EAST;WEST;RED;WHITE,,blue_1;chicken,
2_BAM;7_BAM;2_CHAR;3_CHAR;6_CHAR;8_CHAR;5_DOT;9_DOT,1_CHAR;2_CHAR;3_CHAR;NORTH;NORTH;NORTH,,
4_BAM;7_BAM;8_BAM;1_CHAR;1_CHAR;3_CHAR;7_CHAR;1_DOT;7_DOT;8_DOT;WEST;WEST;NORTH;RED,,red_1,
3_BAM;5_BAM;7_BAM;8_BAM;9_BAM;9_BAM;1_CHAR;3_CHAR;4_CHAR;9_DOT;GREEN,7_CHAR;8_CHAR;9_CHAR,,
1_BAM;2_BAM;3_CHAR;6_CHAR;7_CHAR;7_CHAR;8_CHAR;7_DOT,1_CHAR;2_CHAR;3_CHAR;6_BAM;6_BAM;6_BAM,red_3,
2_BAM;4_BAM;6_BAM;8_BAM;7_CHAR;2_DOT;WEST;RED,5_CHAR;5_CHAR;5_CHAR;1_BAM;2_BAM;3_BAM,blue_3;centipede,
4_BAM;6_CHAR;7_CHAR;9_CHAR;2_DOT;5_DOT;7_DOT;9_DOT,9_DOT;9_DOT;9_DOT;4_CHAR;5_CHAR;6_CHAR,blue_3,
5_BAM;7_BAM;9_BAM;1_CHAR;4_CHAR;7_DOT;WEST;NORTH,4_CHAR;5_CHAR;6_CHAR;4_DOT;5_DOT;6_DOT,blue_4,
8_BAM;2_CHAR;4_CHAR;5_CHAR;7_CHAR;1_DOT;6_DOT;7_DOT,6_CHAR;6_CHAR;6_CHAR;6_BAM;7_BAM;8_BAM,chicken,
1_BAM;6_BAM;2_CHAR;6_CHAR;7_CHAR;8_CHAR;9_CHAR;9_CHAR;9_DOT;EAST;EAST;SOUTH;WEST;GREEN,,red_2;blue_4,
2_BAM;5_BAM;1_CHAR;5_CHAR;8_CHAR;9_CHAR;9_DOT;NORTH,NORTH;NORTH;NORTH;4_CHAR;5_CHAR;6_CHAR,,
8_BAM;1_CHAR;2_CHAR;7_CHAR;8_CHAR;9_CHAR;9_CHAR;3_DOT;6_DOT;6_DOT;7_DOT;9_DOT;9_DOT;GREEN,,,
1_BAM;1_BAM;3_BAM;5_BAM;7_BAM;6_CHAR;1_DOT;EAST,8_BAM;8_BAM;8_BAM;6_BAM;7_BAM;8_BAM,red_2;chicken,
7_BAM;9_BAM;2_CHAR;6_CHAR;7_CHAR;8_CHAR;2_DOT;WEST,WEST;WEST;WEST;5_BAM;5_BAM;5_BAM,centipede;blue_1,
1_BAM;3_BAM;5_BAM;9_BAM;2_CHAR;2_CHAR;3_CHAR;1_DOT;5_DOT;8_DOT;9_DOT;SOUTH;NORTH;WHITE,,red_1,
1_BAM;8_BAM;9_BAM;9_BAM;5_CHAR;9_CHAR;1_DOT;3_DOT;4_DOT;5_DOT;8_DOT;SOUTH;GREEN;GREEN,,,
6_BAM;9_BAM;6_CHAR;2_DOT;3_DOT;7_DOT;EAST;WEST,4_DOT;4_DOT;4_DOT;6_CHAR;7_CHAR;8_CHAR,cat,
2_BAM;1_CHAR;2_CHAR;7_CHAR;1_DOT;SOUTH;NORTH;WHITE,4_DOT;5_DOT;6_DOT;1_CHAR;2_CHAR;3_CHAR,red_2;centipede,
8_BAM;3_CHAR;3_CHAR;7_CHAR;3_DOT;SOUTH;WEST;RED,2_CHAR;2_CHAR;2_CHAR;6_DOT;6_DOT;6_DOT,blue_3;blue_1,
2_BAM;4_CHAR;7_CHAR;8_CHAR;8_CHAR;9_CHAR;1_DOT;5_DOT;NORTH;RED;GREEN,7_DOT;7_DOT;7_DOT,,
9_BAM;3_CHAR;4_CHAR;4_CHAR;3_DOT;WEST;RED;WHITE,2_BAM;2_BAM;2_BAM;9_DOT;9_DOT;9_DOT,red_3,
6_BAM;7_BAM;7_BAM;9_BAM;5_CHAR;6_CHAR;9_CHAR;5_DOT;7_DOT;SOUTH;SOUTH,2_DOT;3_DOT;4_DOT,cat;blue_3,
2_BAM;3_BAM;1_CHAR;2_CHAR;7_CHAR;8_CHAR;9_CHAR;3_DOT;SOUTH;NORTH;RED,8_BAM;8_BAM;8_BAM,red_1,
6_BAM;7_BAM;1_CHAR;2_CHAR;2_CHAR;7_CHAR;2_DOT;4_DOT;6_DOT;NORTH;RED,2_DOT;2_DOT;2_DOT,centipede;blue_3,
7_BAM;2_CHAR;2_CHAR;2_DOT;2_DOT;NORTH;WHITE;WHITE,7_DOT;8_DOT;9_DOT;7_CHAR;8_CHAR;9_CHAR,red_1,
6_BAM;8_BAM;3_CHAR;8_CHAR;3_DOT;4_DOT;9_DOT;SOUTH,4_BAM;4_BAM;4_BAM;2_CHAR;3_CHAR;4_CHAR,blue_4;red_3,
4_BAM;6_BAM;8_BAM;6_DOT;7_DOT;8_DOT;9_DOT;RED,SOUTH;SOUTH;SOUTH;1_BAM;2_BAM;3_BAM,,
5_BAM;9_BAM;2_CHAR;3_DOT;EAST;SOUTH;WHITE;WHITE,5_BAM;6_BAM;7_BAM;4_DOT;5_DOT;6_DOT,blue_1,
3_BAM;9_BAM;3_CHAR;9_CHAR;3_DOT;SOUTH;NORTH;WHITE,7_DOT;8_DOT;9_DOT;SOUTH;SOUTH;SOUTH,,
5_BAM;5_BAM;8_BAM;9_BAM;3_CHAR;5_CHAR;5_CHAR;4_DOT;7_DOT;8_DOT;9_DOT;WEST;GREEN;WHITE,,centipede;cat,
3_BAM;9_BAM;5_CHAR;5_CHAR;7_CHAR;1_DOT;6_DOT;WHITE,EAST;EAST;EAST;4_DOT;5_DOT;6_DOT,blue_4;rat,
1_BAM;2_BAM;2_BAM;7_BAM;8_BAM;1_CHAR;1_CHAR;3_CHAR;8_CHAR;4_DOT;4_DOT;5_DOT;5_DOT;9_DOT,,,
1_BAM;1_CHAR;1_CHAR;2_CHAR;3_CHAR;4_CHAR;5_CHAR;1_DOT;2_DOT;2_DOT;4_DOT;7_DOT;8_DOT;9_DOT,,red_1;blue_4,
3_BAM;1_CHAR;4_CHAR;4_CHAR;6_CHAR;8_CHAR;1_DOT;1_DOT;4_DOT;6_DOT;8_DOT;9_DOT;EAST;GREEN,,blue_1;rat,
9_BAM;2_CHAR;8_CHAR;8_CHAR;9_CHAR;9_CHAR;2_DOT;7_DOT;7_DOT;WEST;NORTH,6_BAM;7_BAM;8_BAM,,
4_BAM;7_BAM;5_CHAR;7_CHAR;9_CHAR;1_DOT;3_DOT;3_DOT;6_DOT;SOUTH;WHITE,7_BAM;8_BAM;9_BAM,,
9_BAM;1_CHAR;8_CHAR;8_CHAR;8_CHAR;5_DOT;9_DOT;EAST;WEST;WEST;RED,4_CHAR;5_CHAR;6_CHAR,rat;blue_1,
2_BAM;7_BAM;8_BAM;6_CHAR;8_CHAR;7_DOT;GREEN;WHITE,1_CHAR;1_CHAR;1_CHAR;5_BAM;6_BAM;7_BAM,red_4;red_2,
1_BAM;2_BAM;2_BAM;6_BAM;2_DOT;6_DOT;6_DOT;WEST,3_DOT;4_DOT;5_DOT;2_DOT;3_DOT;4_DOT,blue_2,
6_BAM;7_BAM;1_CHAR;1_CHAR;2_CHAR;3_CHAR;1_DOT;2_DOT;5_DOT;6_DOT;6_DOT;8_DOT;EAST;RED,,,
2_BAM;7_BAM;5_CHAR;6_DOT;6_DOT;9_DOT;WEST;WHITE,2_CHAR;2_CHAR;2_CHAR;2_DOT;2_DOT;2_DOT,chicken;cat,
1_BAM;7_BAM;1_CHAR;7_CHAR;2_DOT;3_DOT;7_DOT;WHITE,8_CHAR;8_CHAR;8_CHAR;WHITE;WHITE;WHITE,centipede;blue_3,
4_BAM;5_BAM;8_BAM;5_CHAR;1_DOT;4_DOT;8_DOT;EAST;WEST;NORTH;WHITE,1_BAM;1_BAM;1_BAM,,
4_BAM;6_BAM;6_BAM;7_BAM;2_CHAR;2_CHAR;2_CHAR;7_CHAR;5_DOT;6_DOT;6_DOT;7_DOT;9_DOT;EAST,,,
3_BAM;5_BAM;5_BAM;1_CHAR;1_CHAR;4_CHAR;1_DOT;9_DOT;9_DOT;SOUTH;WEST,2_BAM;3_BAM;4_BAM,red_1,
2_BAM;4_BAM;4_CHAR;5_CHAR;2_DOT;2_DOT;3_DOT;7_DOT;8_DOT;SOUTH;GREEN,7_CHAR;8_CHAR;9_CHAR,red_4;cat,
5_BAM;5_BAM;5_CHAR;7_CHAR;8_CHAR;2_DOT;6_DOT;8_DOT;NORTH;RED;GREEN,8_BAM;8_BAM;8_BAM,,
3_BAM;7_BAM;8_BAM;7_CHAR;3_DOT;4_DOT;5_DOT;6_DOT;9_DOT;EAST;RED,4_CHAR;5_CHAR;6_CHAR,blue_3,
3_BAM;7_BAM;9_BAM;9_BAM;3_CHAR;3_CHAR;2_DOT;3_DOT;5_DOT;6_DOT;SOUTH,3_BAM;3_BAM;3_BAM,,
9_BAM;4_CHAR;1_DOT;5_DOT;7_DOT;7_DOT;9_DOT;EAST,3_DOT;4_DOT;5_DOT;5_CHAR;5_CHAR;5_CHAR,rat,
1_BAM;1_BAM;6_BAM;8_BAM;9_BAM;4_CHAR;7_CHAR;9_CHAR;2_DOT;WEST;NORTH;GREEN;GREEN;GREEN,,blue_3;centipede,
1_BAM;8_BAM;5_CHAR;2_DOT;7_DOT;EAST;SOUTH;GREEN,3_DOT;3_DOT;3_DOT;6_DOT;6_DOT;6_DOT,,
6_BAM;1_CHAR;2_CHAR;2_CHAR;5_CHAR;8_CHAR;3_DOT;WEST;NORTH;NORTH;WHITE,1_DOT;2_DOT;3_DOT,,
3_BAM;7_BAM;7_BAM;8_BAM;1_CHAR;4_CHAR;1_DOT;3_DOT;4_DOT;5_DOT;6_DOT;8_DOT;RED;WHITE,,,
2_BAM;4_BAM;3_CHAR;3_CHAR;4_CHAR;9_CHAR;9_CHAR;3_DOT;3_DOT;3_DOT;5_DOT;EAST;EAST;RED,,,
1_BAM;2_BAM;3_BAM;4_BAM;4_BAM;7_BAM;4_CHAR;5_CHAR;9_CHAR;4_DOT;9_DOT;SOUTH;SOUTH;NORTH,,,
8_BAM;5_CHAR;7_CHAR;1_DOT;2_DOT;2_DOT;3_DOT;3_DOT;6_DOT;NORTH;GREEN;GREEN;GREEN;WHITE,,centipede;red_3,
1_BAM;6_BAM;9_BAM;4_CHAR;4_CHAR;2_DOT;3_DOT;4_DOT;5_DOT;8_DOT;NORTH,6_DOT;7_DOT;8_DOT,rat;blue_4,
3_BAM;6_BAM;7_BAM;2_CHAR;5_DOT;5_DOT;8_DOT;8_DOT;8_DOT;NORTH;NORTH;RED;WHITE;WHITE,,blue_4;cat,
3_BAM;8_BAM;4_CHAR;5_CHAR;8_CHAR;6_DOT;SOUTH;WHITE,2_BAM;3_BAM;4_BAM;4_DOT;5_DOT;6_DOT,cat;blue_2,
3_BAM;4_BAM;5_BAM;8_BAM;2_CHAR;7_CHAR;8_CHAR;8_CHAR;9_CHAR;3_DOT;4_DOT;SOUTH;WEST;GREEN,,red_1;blue_3,
3_BAM;4_BAM;6_BAM;3_CHAR;7_CHAR;3_DOT;6_DOT;EAST,GREEN;GREEN;GREEN;1_DOT;2_DOT;3_DOT,chicken,
7_BAM;3_CHAR;3_DOT;6_DOT;6_DOT;9_DOT;SOUTH;WHITE,4_CHAR;4_CHAR;4_CHAR;5_BAM;5_BAM;5_BAM,rat;centipede,
1_BAM;1_BAM;3_BAM;8_BAM;1_CHAR;3_CHAR;6_CHAR;8_CHAR;5_DOT;WEST;NORTH,7_CHAR;7_CHAR;7_CHAR,cat,
1_BAM;4_BAM;5_BAM;5_BAM;5_BAM;7_BAM;6_CHAR;7_CHAR;7_CHAR;2_DOT;3_DOT;4_DOT;5_DOT;9_DOT,,cat,
3_BAM;5_BAM;9_BAM;1_CHAR;2_CHAR;4_CHAR;5_CHAR;7_CHAR;8_CHAR;9_CHAR;2_DOT;8_DOT;NORTH;NORTH,,,
4_BAM;7_BAM;4_CHAR;6_CHAR;4_DOT;WEST;NORTH;RED,7_DOT;8_DOT;9_DOT;5_BAM;6_BAM;7_BAM,blue_2;red_2,
2_BAM;7_BAM;1_CHAR;4_CHAR;8_CHAR;3_DOT;4_DOT;4_DOT,8_CHAR;8_CHAR;8_CHAR;WHITE;WHITE;WHITE,blue_3,
3_BAM;5_BAM;7_BAM;7_BAM;8_BAM;1_CHAR;3_CHAR;9_CHAR;4_DOT;5_DOT;6_DOT;7_DOT;9_DOT;WEST,,,
2_BAM;4_BAM;4_BAM;9_BAM;9_BAM;1_CHAR;2_CHAR;3_CHAR;3_CHAR;7_CHAR;3_DOT;7_DOT;EAST;WHITE,,blue_4;centipede,
2_BAM;7_CHAR;7_CHAR;2_DOT;3_DOT;4_DOT;5_DOT;5_DOT;7_DOT;8_DOT;EAST,4_CHAR;4_CHAR;4_CHAR,cat;red_3,
1_BAM;3_BAM;6_BAM;6_BAM;9_CHAR;2_DOT;6_DOT;8_DOT;EAST;NORTH;RED,2_DOT;2_DOT;2_DOT,,
1_BAM;1_BAM;6_BAM;6_BAM;7_BAM;1_CHAR;3_CHAR;5_CHAR;7_CHAR;7_CHAR;9_CHAR;3_DOT;WEST;GREEN,,,
5_CHAR;6_CHAR;8_CHAR;7_DOT;7_DOT;SOUTH;RED;WHITE,7_CHAR;8_CHAR;9_CHAR;3_DOT;3_DOT;3_DOT,,
2_BAM;2_BAM;3_BAM;1_CHAR;7_CHAR;1_DOT;1_DOT;4_DOT;9_DOT;NORTH;WHITE,5_BAM;5_BAM;5_BAM,,
2_BAM;5_CHAR;5_CHAR;5_CHAR;6_CHAR;2_DOT;2_DOT;5_DOT;6_DOT;6_DOT;8_DOT;RED;WHITE;WHITE,,,
6_BAM;6_BAM;9_BAM;2_CHAR;5_CHAR;6_CHAR;7_CHAR;2_DOT;3_DOT;8_DOT;9_DOT,4_DOT;4_DOT;4_DOT,blue_2;rat,
4_BAM;5_BAM;5_BAM;9_BAM;3_CHAR;3_CHAR;4_CHAR;2_DOT;8_DOT;SOUTH;NORTH,4_CHAR;5_CHAR;6_CHAR,,
7_BAM;7_BAM;9_BAM;9_BAM;1_CHAR;2_CHAR;2_CHAR;3_CHAR;4_CHAR;8_CHAR;4_DOT;7_DOT;EAST;WHITE,,blue_4;red_3,
2_BAM;2_BAM;5_BAM;8_BAM;9_BAM;9_CHAR;3_DOT;7_DOT,7_CHAR;8_CHAR;9_CHAR;7_DOT;7_DOT;7_DOT,,
5_BAM;8_BAM;9_BAM;1_CHAR;3_CHAR;5_CHAR;9_CHAR;9_CHAR;9_CHAR;1_DOT;EAST;SOUTH;SOUTH;GREEN,,blue_1,
1_BAM;5_BAM;3_CHAR;3_CHAR;7_CHAR;6_DOT;SOUTH;NORTH;RED;GREEN;WHITE,2_CHAR;3_CHAR;4_CHAR,rat;cat,
3_BAM;5_BAM;6_BAM;9_BAM;8_DOT;WEST;RED;GREEN,5_DOT;6_DOT;7_DOT;4_BAM;4_BAM;4_BAM,chicken;blue_1,
2_BAM;4_BAM;7_BAM;2_CHAR;3_CHAR;7_CHAR;8_CHAR;3_DOT;4_DOT;7_DOT;SOUTH,1_BAM;2_BAM;3_BAM,cat;centipede,
6_BAM;5_CHAR;6_CHAR;6_DOT;9_DOT;SOUTH;WEST;RED,4_CHAR;5_CHAR;6_CHAR;4_BAM;4_BAM;4_BAM,blue_3,
8_BAM;9_BAM;5_CHAR;3_DOT;7_DOT;8_DOT;9_DOT;NORTH,5_DOT;6_DOT;7_DOT;8_DOT;8_DOT;8_DOT,,
1_BAM;9_BAM;7_CHAR;7_CHAR;3_DOT;7_DOT;WEST;GREEN,6_BAM;6_BAM;6_BAM;RED;RED;RED,chicken;blue_3,
1_BAM;2_BAM;2_BAM;3_BAM;9_BAM;1_CHAR;3_CHAR;4_CHAR;5_CHAR;6_CHAR;6_CHAR;1_DOT;6_DOT;EAST,,,
3_BAM;4_BAM;1_CHAR;2_CHAR;3_CHAR;5_CHAR;5_CHAR;6_CHAR;5_DOT;9_DOT;WEST,8_CHAR;8_CHAR;8_CHAR,,
8_BAM;1_CHAR;8_CHAR;7_DOT;NORTH;RED;GREEN;GREEN,3_CHAR;4_CHAR;5_CHAR;3_DOT;4_DOT;5_DOT,,
2_BAM;5_BAM;5_BAM;7_BAM;8_BAM;4_CHAR;5_CHAR;9_CHAR;9_CHAR;3_DOT;8_DOT;SOUTH;RED;WHITE,,blue_3,
4_BAM;4_BAM;7_BAM;8_BAM;3_CHAR;7_CHAR;8_CHAR;EAST,7_BAM;7_BAM;7_BAM;7_DOT;8_DOT;9_DOT,chicken,
6_BAM;1_CHAR;2_CHAR;3_CHAR;4_CHAR;4_CHAR;4_CHAR;7_CHAR;9_CHAR;5_DOT;SOUTH;WEST;WEST;RED,,,
2_BAM;3_BAM;5_BAM;6_BAM;9_BAM;9_BAM;4_CHAR;5_CHAR;2_DOT;NORTH;NORTH,RED;RED;RED,,
2_BAM;3_BAM;4_BAM;4_BAM;8_BAM;2_CHAR;3_CHAR;4_CHAR;2_DOT;9_DOT;NORTH,NORTH;NORTH;NORTH,,
8_BAM;1_CHAR;2_CHAR;8_CHAR;6_DOT;6_DOT;6_DOT;8_DOT;WEST;GREEN;GREEN,8_DOT;8_DOT;8_DOT,,
1_BAM;4_BAM;6_BAM;6_BAM;1_CHAR;3_CHAR;6_CHAR;8_CHAR;2_DOT;7_DOT;8_DOT;9_DOT;WEST;GREEN,,,
1_CHAR;2_CHAR;2_CHAR;3_CHAR;2_DOT;3_DOT;9_DOT;RED,5_BAM;6_BAM;7_BAM;5_BAM;6_BAM;7_BAM,,
2_BAM;2_BAM;4_BAM;6_BAM;6_BAM;3_CHAR;9_CHAR;7_DOT,3_CHAR;3_CHAR;3_CHAR;4_BAM;4_BAM;4_BAM,,
1_BAM;7_BAM;8_BAM;2_CHAR;3_CHAR;7_CHAR;7_CHAR;3_DOT,8_CHAR;8_CHAR;8_CHAR;4_BAM;5_BAM;6_BAM,blue_3,
1_BAM;4_CHAR;8_CHAR;2_DOT;3_DOT;5_DOT;6_DOT;7_DOT;8_DOT;EAST;NORTH,9_BAM;9_BAM;9_BAM,,
1_BAM;3_BAM;6_BAM;8_BAM;9_BAM;4_CHAR;5_CHAR;4_DOT;7_DOT;8_DOT;EAST,6_CHAR;7_CHAR;8_CHAR,,
1_BAM;3_BAM;8_BAM;3_CHAR;5_CHAR;6_CHAR;7_CHAR;2_DOT;4_DOT;5_DOT;7_DOT;9_DOT;SOUTH;NORTH,,,
3_BAM;6_BAM;8_BAM;3_CHAR;3_CHAR;3_CHAR;8_CHAR;4_DOT;4_DOT;5_DOT;7_DOT;7_DOT;WEST;NORTH,,blue_2,
1_BAM;2_BAM;8_BAM;8_BAM;9_BAM;2_CHAR;4_CHAR;7_CHAR;9_CHAR;9_CHAR;4_DOT;9_DOT;WEST;GREEN,,,
1_BAM;2_BAM;6_CHAR;3_DOT;6_DOT;7_DOT;EAST;EAST;SOUTH;RED;RED,4_DOT;4_DOT;4_DOT,red_3;rat,
1_BAM;2_BAM;4_BAM;5_BAM;7_BAM;7_BAM;8_DOT;SOUTH,5_BAM;6_BAM;7_BAM;6_BAM;7_BAM;8_BAM,,
2_BAM;4_BAM;5_BAM;6_BAM;6_BAM;8_BAM;1_CHAR;4_CHAR;8_CHAR;1_DOT;6_DOT;6_DOT;7_DOT;WHITE,,blue_2;chicken,
1_BAM;1_CHAR;3_DOT;8_DOT;EAST;SOUTH;SOUTH;GREEN,1_DOT;1_DOT;1_DOT;6_BAM;6_BAM;6_BAM,red_2,
4_BAM;7_BAM;1_CHAR;2_CHAR;5_CHAR;1_DOT;6_DOT;8_DOT;8_DOT;EAST;EAST;SOUTH;NORTH;GREEN,,red_1,
3_BAM;8_BAM;2_CHAR;3_CHAR;6_CHAR;6_CHAR;3_DOT;4_DOT;4_DOT;6_DOT;6_DOT;8_DOT;9_DOT;WHITE,,blue_3,
1_BAM;5_BAM;9_BAM;3_CHAR;5_CHAR;6_CHAR;7_CHAR;8_CHAR;7_DOT;NORTH;RED,7_BAM;7_BAM;7_BAM,,
3_BAM;4_BAM;1_CHAR;8_CHAR;8_CHAR;8_CHAR;9_CHAR;6_DOT,1_CHAR;2_CHAR;3_CHAR;SOUTH;SOUTH;SOUTH,,
3_BAM;3_BAM;5_BAM;8_BAM;6_CHAR;8_CHAR;1_DOT;4_DOT;4_DOT;8_DOT;9_DOT;9_DOT;WEST;RED,,,
1_BAM;5_BAM;8_BAM;9_BAM;9_BAM;4_CHAR;6_CHAR;8_CHAR;9_CHAR;5_DOT;7_DOT,5_DOT;6_DOT;7_DOT,rat;red_3,
1_BAM;7_BAM;8_BAM;3_CHAR;4_CHAR;7_CHAR;1_DOT;6_DOT;6_DOT;WEST;WEST;NORTH;GREEN;WHITE,,,
4_BAM;4_BAM;7_BAM;8_BAM;2_CHAR;5_CHAR;5_CHAR;8_CHAR;2_DOT;3_DOT;5_DOT;6_DOT;7_DOT;EAST,,,
3_BAM;4_BAM;1_CHAR;1_CHAR;2_CHAR;2_DOT;6_DOT;6_DOT,1_CHAR;2_CHAR;3_CHAR;5_DOT;6_DOT;7_DOT,blue_4;cat,
5_BAM;7_BAM;8_BAM;1_CHAR;2_CHAR;4_CHAR;5_CHAR;7_CHAR;2_DOT;5_DOT;6_DOT,4_BAM;5_BAM;6_BAM,red_1,
1_BAM;4_BAM;4_BAM;8_BAM;6_CHAR;2_DOT;3_DOT;7_DOT;7_DOT;7_DOT;7_DOT;EAST;SOUTH;WHITE,,blue_2;blue_1,
3_BAM;5_BAM;1_CHAR;2_CHAR;2_CHAR;3_CHAR;5_CHAR;8_CHAR;1_DOT;5_DOT;EAST;NORTH;WHITE;WHITE,,red_4;chicken,
3_BAM;6_BAM;2_CHAR;3_CHAR;4_CHAR;8_CHAR;9_CHAR;1_DOT;2_DOT;2_DOT;5_DOT,SOUTH;SOUTH;SOUTH,blue_4;blue_3,
1_BAM;4_BAM;4_BAM;6_BAM;4_CHAR;5_CHAR;8_CHAR;9_CHAR;1_DOT;7_DOT;EAST;EAST;WEST;NORTH,,blue_1;red_3,
1_BAM;6_BAM;9_BAM;4_CHAR;7_CHAR;8_CHAR;8_CHAR;1_DOT;2_DOT;7_DOT;7_DOT;9_DOT;9_DOT;WHITE,,,
6_BAM;7_BAM;6_CHAR;1_DOT;4_DOT;7_DOT;RED;RED,WHITE;WHITE;WHITE;3_BAM;4_BAM;5_BAM,blue_2;red_4,
5_BAM;9_BAM;1_CHAR;7_CHAR;9_CHAR;4_DOT;5_DOT;9_DOT;WEST;WHITE;WHITE,3_CHAR;4_CHAR;5_CHAR,blue_2;blue_3,
2_BAM;3_BAM;3_BAM;6_BAM;3_CHAR;4_CHAR;8_CHAR;8_DOT;SOUTH;NORTH;GREEN,6_BAM;7_BAM;8_BAM,,
2_BAM;3_BAM;3_BAM;4_BAM;1_CHAR;2_CHAR;3_CHAR;5_CHAR;5_CHAR;7_CHAR;2_DOT,2_DOT;3_DOT;4_DOT,red_1;red_4,
4_BAM;2_CHAR;4_CHAR;6_CHAR;6_CHAR;9_CHAR;1_DOT;7_DOT;EAST;RED;GREEN,3_BAM;4_BAM;5_BAM,red_1,
1_BAM;1_CHAR;3_CHAR;5_CHAR;5_CHAR;6_CHAR;4_DOT;5_DOT;SOUTH;RED;GREEN,1_CHAR;2_CHAR;3_CHAR,blue_1;rat,
3_BAM;8_BAM;2_CHAR;9_CHAR;6_DOT;RED;WHITE;WHITE,6_BAM;7_BAM;8_BAM;7_BAM;8_BAM;9_BAM,red_3,
7_BAM;7_BAM;7_BAM;8_BAM;9_BAM;2_CHAR;5_CHAR;6_CHAR;7_CHAR;8_CHAR;1_DOT;2_DOT;3_DOT;8_DOT,,,
1_BAM;2_BAM;5_BAM;6_BAM;6_BAM;8_CHAR;8_CHAR;7_DOT;7_DOT;EAST;NORTH,5_CHAR;5_CHAR;5_CHAR,,
3_BAM;5_BAM;5_CHAR;4_DOT;4_DOT;4_DOT;4_DOT;6_DOT;WEST;RED;WHITE,3_BAM;4_BAM;5_BAM,centipede,
3_BAM;6_BAM;8_BAM;9_BAM;3_CHAR;4_CHAR;4_CHAR;4_CHAR;5_CHAR;8_CHAR;4_DOT;4_DOT;7_DOT;GREEN,,centipede;blue_2,
2_BAM;2_BAM;4_BAM;4_BAM;7_BAM;1_CHAR;4_CHAR;9_CHAR;5_DOT;6_DOT;7_DOT;SOUTH;GREEN;WHITE,,,
3_BAM;3_BAM;6_BAM;1_CHAR;3_CHAR;6_CHAR;2_DOT;8_DOT,1_DOT;2_DOT;3_DOT;6_DOT;7_DOT;8_DOT,blue_4,
3_BAM;7_BAM;1_CHAR;3_DOT;3_DOT;NORTH;WHITE;WHITE,4_CHAR;4_CHAR;4_CHAR;8_CHAR;8_CHAR;8_CHAR,red_1;blue_4,
2_BAM;4_BAM;6_BAM;1_CHAR;5_CHAR;7_CHAR;1_DOT;2_DOT;2_DOT;2_DOT;6_DOT;8_DOT;9_DOT;GREEN,,,
3_BAM;4_BAM;5_BAM;5_BAM;5_BAM;8_BAM;4_CHAR;1_DOT;3_DOT;6_DOT;WEST,4_BAM;5_BAM;6_BAM,,
2_BAM;9_BAM;1_CHAR;9_CHAR;9_CHAR;2_DOT;8_DOT;WHITE,6_DOT;6_DOT;6_DOT;3_DOT;4_DOT;5_DOT,red_4,
2_CHAR;6_CHAR;1_DOT;2_DOT;6_DOT;8_DOT;WEST;WEST;NORTH;RED;RED,WHITE;WHITE;WHITE,red_3;chicken,
2_BAM;3_BAM;4_BAM;3_CHAR;5_CHAR;6_DOT;9_DOT;NORTH,3_BAM;3_BAM;3_BAM;7_DOT;8_DOT;9_DOT,,
2_BAM;5_BAM;5_BAM;6_BAM;7_BAM;7_CHAR;8_CHAR;8_CHAR;6_DOT;6_DOT;EAST;WEST;RED;WHITE,,blue_3,
3_BAM;3_BAM;6_BAM;7_BAM;8_BAM;2_CHAR;2_CHAR;8_CHAR;7_DOT;8_DOT;RED,WHITE;WHITE;WHITE,blue_3,
3_BAM;6_BAM;9_BAM;1_CHAR;3_CHAR;4_CHAR;2_DOT;2_DOT;5_DOT;EAST;SOUTH;NORTH;RED;WHITE,,,
5_BAM;5_CHAR;5_CHAR;1_DOT;1_DOT;2_DOT;3_DOT;4_DOT;6_DOT;8_DOT;8_DOT;9_DOT;WEST;WEST,,blue_2,
1_BAM;5_BAM;5_BAM;1_CHAR;2_CHAR;6_CHAR;8_CHAR;9_CHAR;1_DOT;1_DOT;4_DOT;EAST;SOUTH;GREEN,,,
7_BAM;5_CHAR;5_CHAR;8_CHAR;9_CHAR;1_DOT;8_DOT;9_DOT;NORTH;GREEN;GREEN,4_DOT;5_DOT;6_DOT,blue_1;rat,
3_BAM;3_BAM;5_BAM;8_BAM;3_DOT;6_DOT;9_DOT;WHITE,NORTH;NORTH;NORTH;1_DOT;2_DOT;3_DOT,,
4_BAM;6_BAM;8_BAM;8_BAM;8_BAM;2_DOT;EAST;WEST,3_BAM;4_BAM;5_BAM;5_BAM;5_BAM;5_BAM,,
2_BAM;6_BAM;6_BAM;9_BAM;2_CHAR;2_CHAR;8_CHAR;4_DOT;7_DOT;8_DOT;9_DOT;EAST;GREEN;WHITE,,blue_4;red_1,
4_BAM;4_BAM;7_BAM;1_CHAR;5_CHAR;1_DOT;2_DOT;3_DOT;5_DOT;9_DOT;EAST;EAST;RED;WHITE,,blue_4,
4_BAM;9_BAM;9_BAM;1_CHAR;5_CHAR;9_CHAR;9_CHAR;2_DOT;4_DOT;8_DOT;EAST,6_DOT;7_DOT;8_DOT,blue_3,
1_BAM;5_BAM;8_BAM;8_BAM;9_BAM;4_CHAR;1_DOT;WEST,3_DOT;4_DOT;5_DOT;1_CHAR;2_CHAR;3_CHAR,blue_2;blue_1,
8_BAM;8_BAM;1_CHAR;3_CHAR;7_CHAR;9_CHAR;1_DOT;3_DOT;6_DOT;9_DOT;WEST;NORTH;RED;GREEN,,red_4;blue_1,
5_BAM;8_BAM;1_CHAR;4_CHAR;7_CHAR;9_CHAR;RED;WHITE,7_CHAR;7_CHAR;7_CHAR;3_BAM;4_BAM;5_BAM,rat,
1_BAM;5_BAM;7_BAM;7_BAM;7_BAM;1_CHAR;3_CHAR;4_CHAR;4_DOT;EAST;SOUTH,6_DOT;6_DOT;6_DOT,centipede,
2_BAM;8_BAM;7_CHAR;9_CHAR;9_CHAR;1_DOT;2_DOT;9_DOT,7_DOT;8_DOT;9_DOT;6_BAM;7_BAM;8_BAM,,
2_BAM;2_BAM;9_BAM;8_CHAR;1_DOT;2_DOT;8_DOT;EAST,7_BAM;8_BAM;9_BAM;6_DOT;7_DOT;8_DOT,red_4;red_3,
2_BAM;3_BAM;3_BAM;4_CHAR;4_CHAR;5_CHAR;1_DOT;RED,1_CHAR;1_CHAR;1_CHAR;6_DOT;7_DOT;8_DOT,,
8_BAM;8_BAM;9_BAM;2_CHAR;5_CHAR;4_DOT;9_DOT;NORTH,7_CHAR;7_CHAR;7_CHAR;6_DOT;6_DOT;6_DOT,,
3_BAM;6_BAM;9_BAM;5_CHAR;8_CHAR;8_CHAR;1_DOT;2_DOT;6_DOT;8_DOT;8_DOT;9_DOT;9_DOT;NORTH,,red_3,
7_BAM;7_BAM;2_CHAR;5_CHAR;5_CHAR;7_CHAR;9_CHAR;9_CHAR;2_DOT;2_DOT;5_DOT;5_DOT;7_DOT;9_DOT,,blue_4,
8_BAM;9_BAM;2_CHAR;5_CHAR;SOUTH;SOUTH;SOUTH;WEST;NORTH;RED;GREEN,2_CHAR;3_CHAR;4_CHAR,blue_4;blue_1,
5_BAM;8_BAM;9_BAM;1_CHAR;2_CHAR;1_DOT;6_DOT;7_DOT;EAST;WEST;NORTH;RED;WHITE;WHITE,,blue_1,
1_CHAR;4_CHAR;6_CHAR;4_DOT;6_DOT;8_DOT;WEST;GREEN,2_DOT;3_DOT;4_DOT;2_DOT;3_DOT;4_DOT,blue_3,
1_BAM;2_BAM;3_BAM;4_BAM;5_BAM;5_BAM;5_BAM;8_BAM;5_CHAR;1_DOT;RED,6_BAM;7_BAM;8_BAM,red_2,
2_BAM;4_BAM;6_BAM;7_BAM;8_CHAR;3_DOT;5_DOT;6_DOT;EAST;RED;RED;RED;GREEN;GREEN,,centipede;red_1,
9_BAM;2_CHAR;2_CHAR;3_CHAR;5_CHAR;6_CHAR;4_DOT;NORTH;RED;GREEN;WHITE,9_DOT;9_DOT;9_DOT,red_4;red_2,
3_BAM;4_BAM;8_BAM;8_BAM;9_BAM;3_CHAR;5_CHAR;8_DOT;8_DOT;9_DOT;9_DOT;SOUTH;WEST;RED,,,
2_BAM;3_BAM;4_BAM;6_BAM;6_BAM;8_BAM;1_CHAR;5_CHAR;7_DOT;EAST;WHITE,2_CHAR;3_CHAR;4_CHAR,,
6_BAM;9_BAM;1_CHAR;4_CHAR;6_CHAR;1_DOT;4_DOT;4_DOT;9_DOT;WEST;GREEN,8_DOT;8_DOT;8_DOT,,
3_BAM;4_BAM;6_BAM;7_BAM;7_BAM;8_BAM;7_CHAR;8_CHAR;9_DOT;GREEN;GREEN,1_BAM;2_BAM;3_BAM,red_3;blue_3,
1_BAM;6_BAM;7_BAM;9_BAM;2_CHAR;3_CHAR;5_CHAR;5_CHAR;9_CHAR;1_DOT;6_DOT;8_DOT;RED;WHITE,,red_2;blue_1,
6_BAM;6_BAM;2_CHAR;8_CHAR;2_DOT;6_DOT;8_DOT;8_DOT,6_CHAR;7_CHAR;8_CHAR;1_CHAR;1_CHAR;1_CHAR,blue_3;chicken,
2_BAM;3_BAM;6_BAM;9_BAM;1_CHAR;9_CHAR;6_DOT;7_DOT;9_DOT;SOUTH;GREEN,3_DOT;4_DOT;5_DOT,red_1,
2_BAM;1_CHAR;3_CHAR;3_CHAR;7_CHAR;9_CHAR;SOUTH;WHITE,3_BAM;3_BAM;3_BAM;2_CHAR;2_CHAR;2_CHAR,centipede,
1_BAM;2_BAM;8_BAM;4_CHAR;8_CHAR;4_DOT;5_DOT;5_DOT;7_DOT;7_DOT;8_DOT,4_BAM;5_BAM;6_BAM,rat,
3_BAM;4_BAM;3_CHAR;6_CHAR;8_CHAR;9_CHAR;6_DOT;6_DOT;7_DOT;7_DOT;8_DOT;SOUTH;SOUTH;NORTH,,cat;red_3,
2_CHAR;8_CHAR;9_CHAR;2_DOT;3_DOT;3_DOT;5_DOT;8_DOT,4_DOT;5_DOT;6_DOT;NORTH;NORTH;NORTH,blue_3,
2_BAM;4_BAM;7_BAM;3_CHAR;6_CHAR;7_CHAR;1_DOT;2_DOT;3_DOT;3_DOT;4_DOT;GREEN;GREEN;WHITE,,blue_3;rat,
2_BAM;3_BAM;3_BAM;4_BAM;9_BAM;2_DOT;3_DOT;GREEN,8_CHAR;8_CHAR;8_CHAR;3_BAM;4_BAM;5_BAM,blue_3;centipede,
1_BAM;6_BAM;6_BAM;8_BAM;3_CHAR;4_CHAR;4_CHAR;5_CHAR;8_CHAR;1_DOT;8_DOT;WEST;RED;WHITE,,,
1_BAM;1_BAM;2_BAM;3_BAM;1_CHAR;8_CHAR;4_DOT;6_DOT;7_DOT;EAST;SOUTH;WEST;NORTH;GREEN,,centipede,
1_BAM;7_CHAR;4_DOT;5_DOT;8_DOT;8_DOT;SOUTH;SOUTH,6_CHAR;6_CHAR;6_CHAR;3_BAM;4_BAM;5_BAM,blue_4,
1_BAM;7_BAM;8_BAM;9_BAM;9_BAM;1_CHAR;5_CHAR;9_DOT;9_DOT;SOUTH;WEST,1_CHAR;2_CHAR;3_CHAR,cat,
7_BAM;8_BAM;8_BAM;8_BAM;4_CHAR;7_CHAR;8_DOT;EAST,4_DOT;4_DOT;4_DOT;6_CHAR;7_CHAR;8_CHAR,blue_4;blue_3,
3_BAM;5_BAM;6_BAM;2_CHAR;2_CHAR;3_CHAR;4_CHAR;7_CHAR;2_DOT;4_DOT;4_DOT;8_DOT;8_DOT;SOUTH,,,
2_BAM;3_BAM;1_CHAR;2_CHAR;6_CHAR;1_DOT;1_DOT;4_DOT;5_DOT;6_DOT;9_DOT;SOUTH;NORTH;RED,,centipede,
2_BAM;5_BAM;9_BAM;9_BAM;1_CHAR;2_CHAR;2_CHAR;8_CHAR;4_DOT;5_DOT;8_DOT;8_DOT;9_DOT;RED,,,
1_BAM;2_BAM;3_CHAR;6_CHAR;2_DOT;2_DOT;EAST;WHITE,EAST;EAST;EAST;7_BAM;8_BAM;9_BAM,blue_4,
1_BAM;1_BAM;3_BAM;6_CHAR;9_CHAR;4_DOT;5_DOT;7_DOT;8_DOT;9_DOT;EAST;EAST;EAST;EAST,,,
5_BAM;5_BAM;7_BAM;1_CHAR;8_CHAR;9_CHAR;9_CHAR;WHITE,3_DOT;4_DOT;5_DOT;8_BAM;8_BAM;8_BAM,cat;blue_2,
2_BAM;2_BAM;4_BAM;7_BAM;8_BAM;1_CHAR;1_CHAR;3_CHAR;4_CHAR;8_CHAR;1_DOT;EAST;WEST;RED,,red_4;cat,
2_BAM;4_BAM;7_BAM;9_BAM;9_BAM;4_CHAR;5_DOT;5_DOT;6_DOT;6_DOT;EAST,5_BAM;6_BAM;7_BAM,,
2_BAM;2_BAM;8_BAM;4_CHAR;4_DOT;7_DOT;7_DOT;8_DOT;8_DOT;9_DOT;EAST,2_DOT;2_DOT;2_DOT,red_3,
3_BAM;4_BAM;9_BAM;1_CHAR;2_CHAR;3_CHAR;3_CHAR;5_CHAR;7_DOT;8_DOT;9_DOT;EAST;EAST;GREEN,,blue_2;cat,
3_BAM;3_BAM;3_CHAR;5_CHAR;2_DOT;3_DOT;5_DOT;SOUTH;WEST;GREEN;GREEN,3_CHAR;4_CHAR;5_CHAR,centipede,
1_BAM;4_BAM;5_BAM;5_BAM;6_BAM;2_CHAR;3_CHAR;6_DOT;7_DOT;SOUTH;SOUTH;RED;GREEN;WHITE,,blue_2,
1_BAM;3_BAM;6_BAM;7_BAM;9_BAM;3_DOT;3_DOT;4_DOT;6_DOT;8_DOT;9_DOT;9_DOT;NORTH;RED,,red_4;red_3,
3_BAM;6_BAM;7_BAM;9_BAM;5_CHAR;5_CHAR;4_DOT;4_DOT;7_DOT;EAST;GREEN,4_DOT;5_DOT;6_DOT,,
4_BAM;1_CHAR;3_CHAR;5_CHAR;5_CHAR;5_CHAR;8_CHAR;9_CHAR;3_DOT;4_DOT;6_DOT;7_DOT;8_DOT;9_DOT,,red_2,
1_CHAR;3_CHAR;3_CHAR;2_DOT;7_DOT;7_DOT;RED;GREEN,1_DOT;2_DOT;3_DOT;7_CHAR;8_CHAR;9_CHAR,,
3_BAM;5_BAM;1_CHAR;1_CHAR;2_CHAR;3_CHAR;6_CHAR;9_CHAR;1_DOT;4_DOT;SOUTH,2_CHAR;3_CHAR;4_CHAR,,
5_BAM;1_CHAR;5_CHAR;5_CHAR;4_DOT;SOUTH;NORTH;WHITE,1_DOT;1_DOT;1_DOT;4_BAM;5_BAM;6_BAM,blue_4,
2_BAM;7_BAM;2_CHAR;5_CHAR;7_CHAR;9_DOT;SOUTH;RED,6_DOT;6_DOT;6_DOT;5_DOT;6_DOT;7_DOT,,
1_BAM;2_BAM;5_BAM;8_BAM;9_BAM;9_BAM;8_CHAR;4_DOT;7_DOT;9_DOT;NORTH,3_BAM;3_BAM;3_BAM,red_1;red_4,
3_BAM;7_BAM;7_BAM;8_BAM;7_CHAR;4_DOT;7_DOT;9_DOT;9_DOT;NORTH;NORTH;NORTH;RED;WHITE,,chicken;blue_2,
6_BAM;6_BAM;6_BAM;8_BAM;1_CHAR;4_CHAR;4_CHAR;5_CHAR;6_CHAR;9_CHAR;4_DOT;7_DOT;SOUTH;NORTH,,,
1_BAM;2_BAM;5_BAM;6_BAM;9_BAM;8_CHAR;9_CHAR;1_DOT;2_DOT;3_DOT;3_DOT;9_DOT;9_DOT;WHITE,,cat;rat,
1_BAM;3_BAM;3_BAM;8_BAM;8_BAM;9_BAM;4_CHAR;4_CHAR;4_CHAR;8_CHAR;4_DOT;7_DOT;RED;WHITE,,red_4;blue_1,
3_BAM;5_BAM;2_CHAR;7_CHAR;3_DOT;SOUTH;SOUTH;WHITE,8_CHAR;8_CHAR;8_CHAR;5_DOT;5_DOT;5_DOT,cat,
1_BAM;7_BAM;9_BAM;3_CHAR;6_CHAR;7_CHAR;8_CHAR;8_CHAR;9_CHAR;1_DOT;2_DOT;3_DOT;9_DOT;EAST,,,
2_BAM;4_BAM;2_CHAR;4_CHAR;6_CHAR;1_DOT;7_DOT;SOUTH,3_BAM;3_BAM;3_BAM;5_CHAR;6_CHAR;7_CHAR,red_1;red_2,
3_BAM;3_CHAR;8_CHAR;3_DOT;4_DOT;EAST;GREEN;WHITE,6_DOT;7_DOT;8_DOT;7_CHAR;7_CHAR;7_CHAR,blue_3;centipede,
4_BAM;7_BAM;9_CHAR;1_DOT;3_DOT;6_DOT;8_DOT;NORTH,5_CHAR;5_CHAR;5_CHAR;2_CHAR;2_CHAR;2_CHAR,,
1_BAM;1_BAM;5_BAM;7_BAM;2_CHAR;3_CHAR;8_CHAR;9_CHAR;1_DOT;3_DOT;3_DOT;6_DOT;6_DOT;RED,,rat,
4_BAM;4_CHAR;7_CHAR;7_CHAR;6_DOT;EAST;EAST;WEST,7_BAM;7_BAM;7_BAM;9_CHAR;9_CHAR;9_CHAR,blue_4;cat,
3_BAM;4_BAM;8_BAM;1_CHAR;7_CHAR;2_DOT;2_DOT;4_DOT;9_DOT;SOUTH;RED,GREEN;GREEN;GREEN,red_1,
6_BAM;7_BAM;7_BAM;7_CHAR;1_DOT;6_DOT;WEST;WHITE,NORTH;NORTH;NORTH;1_BAM;2_BAM;3_BAM,blue_2,
2_BAM;3_BAM;6_BAM;7_BAM;8_BAM;9_BAM;2_CHAR;8_CHAR;3_DOT;5_DOT;6_DOT;6_DOT;EAST;GREEN,,,
1_BAM;7_BAM;1_CHAR;7_CHAR;7_CHAR;2_DOT;3_DOT;SOUTH,6_DOT;7_DOT;8_DOT;1_CHAR;1_CHAR;1_CHAR,blue_3,
5_BAM;4_CHAR;5_CHAR;9_CHAR;2_DOT;3_DOT;6_DOT;8_DOT;EAST;NORTH;NORTH,9_CHAR;9_CHAR;9_CHAR,rat;centipede,
4_BAM;4_BAM;5_BAM;6_BAM;3_DOT;3_DOT;4_DOT;5_DOT;5_DOT;SOUTH;GREEN,4_CHAR;5_CHAR;6_CHAR,,
1_BAM;2_BAM;3_BAM;4_BAM;8_BAM;9_BAM;6_CHAR;8_CHAR;4_DOT;9_DOT;WEST;NORTH;RED;GREEN,,red_3,
2_BAM;7_CHAR;6_DOT;SOUTH;NORTH;GREEN;WHITE;WHITE,6_BAM;6_BAM;6_BAM;1_DOT;2_DOT;3_DOT,blue_2,
2_BAM;3_BAM;9_BAM;1_CHAR;3_CHAR;3_CHAR;7_CHAR;2_DOT;4_DOT;6_DOT;9_DOT;SOUTH;SOUTH;WHITE,,chicken;red_2,
3_BAM;3_BAM;5_BAM;8_BAM;6_CHAR;8_CHAR;9_CHAR;5_DOT;8_DOT;WEST;GREEN,2_DOT;2_DOT;2_DOT,red_4,
8_BAM;1_CHAR;4_CHAR;5_CHAR;6_CHAR;7_CHAR;9_DOT;SOUTH;RED;GREEN;WHITE,4_CHAR;5_CHAR;6_CHAR,,
5_BAM;5_BAM;3_CHAR;4_CHAR;4_CHAR;5_CHAR;7_CHAR;7_CHAR;8_CHAR;8_CHAR;5_DOT,1_BAM;2_BAM;3_BAM,,
3_CHAR;4_CHAR;1_DOT;5_DOT;SOUTH;SOUTH;WEST;NORTH,EAST;EAST;EAST;9_DOT;9_DOT;9_DOT,rat,
4_BAM;5_BAM;6_BAM;8_BAM;1_CHAR;1_CHAR;2_CHAR;7_CHAR;9_CHAR;4_DOT;RED,5_DOT;5_DOT;5_DOT,red_1,
1_BAM;3_BAM;4_BAM;7_BAM;4_CHAR;4_CHAR;1_DOT;6_DOT;7_DOT;9_DOT;EAST;WEST;WEST;RED,,cat;blue_3,
1_BAM;3_BAM;9_BAM;3_CHAR;5_CHAR;5_CHAR;6_CHAR;5_DOT;6_DOT;9_DOT;RED,6_DOT;7_DOT;8_DOT,blue_4;red_1,
4_BAM;6_BAM;2_CHAR;7_CHAR;7_CHAR;8_CHAR;1_DOT;2_DOT;8_DOT;9_DOT;WEST;NORTH;RED;WHITE,,,
6_BAM;5_CHAR;9_CHAR;2_DOT;6_DOT;8_DOT;9_DOT;EAST,6_BAM;6_BAM;6_BAM;6_CHAR;7_CHAR;8_CHAR,blue_4;blue_2,
3_BAM;4_BAM;6_BAM;7_CHAR;8_CHAR;8_CHAR;2_DOT;4_DOT,5_CHAR;6_CHAR;7_CHAR;WEST;WEST;WEST,red_2;red_4,
1_BAM;1_BAM;5_BAM;7_BAM;1_CHAR;2_CHAR;5_CHAR;6_CHAR;7_CHAR;3_DOT;4_DOT;9_DOT;RED;RED,,blue_3;rat,
1_BAM;6_BAM;7_BAM;2_CHAR;5_CHAR;5_CHAR;7_CHAR;2_DOT;2_DOT;3_DOT;8_DOT;EAST;EAST;SOUTH,,,
8_BAM;8_BAM;2_CHAR;3_CHAR;4_CHAR;4_CHAR;6_CHAR;7_CHAR;4_DOT;4_DOT;4_DOT;6_DOT;8_DOT;WHITE,,blue_1,
2_BAM;4_BAM;7_BAM;4_CHAR;2_DOT;3_DOT;3_DOT;NORTH,2_BAM;3_BAM;4_BAM;2_DOT;2_DOT;2_DOT,rat,
1_BAM;7_BAM;5_CHAR;6_CHAR;2_DOT;5_DOT;6_DOT;7_DOT;EAST;SOUTH;RED,9_BAM;9_BAM;9_BAM,blue_2,
2_CHAR;4_CHAR;1_DOT;1_DOT;9_DOT;WEST;GREEN;GREEN,3_CHAR;3_CHAR;3_CHAR;8_DOT;8_DOT;8_DOT,red_4;cat,
7_BAM;9_BAM;1_CHAR;4_CHAR;4_CHAR;1_DOT;8_DOT;GREEN,EAST;EAST;EAST;8_BAM;8_BAM;8_BAM,,
3_CHAR;5_CHAR;9_CHAR;7_DOT;7_DOT;8_DOT;8_DOT;9_DOT,5_DOT;6_DOT;7_DOT;6_DOT;6_DOT;6_DOT,,
7_BAM;9_BAM;3_CHAR;6_CHAR;5_DOT;6_DOT;9_DOT;RED,7_BAM;7_BAM;7_BAM;5_DOT;6_DOT;7_DOT,,
3_BAM;7_BAM;9_BAM;8_CHAR;9_CHAR;6_DOT;SOUTH;RED,5_BAM;6_BAM;7_BAM;5_DOT;5_DOT;5_DOT,,
3_CHAR;3_CHAR;5_CHAR;9_CHAR;9_CHAR;2_DOT;4_DOT;4_DOT,4_BAM;4_BAM;4_BAM;EAST;EAST;EAST,red_1;blue_1,
3_BAM;3_CHAR;3_CHAR;5_CHAR;7_CHAR;2_DOT;3_DOT;7_DOT,WHITE;WHITE;WHITE;7_BAM;8_BAM;9_BAM,red_2,
4_BAM;9_BAM;1_CHAR;3_CHAR;9_CHAR;2_DOT;2_DOT;2_DOT;3_DOT;6_DOT;7_DOT;WEST;WEST;WHITE,,,
6_BAM;9_CHAR;6_DOT;6_DOT;8_DOT;SOUTH;NORTH;GREEN,2_CHAR;3_CHAR;4_CHAR;5_DOT;6_DOT;7_DOT,,
3_BAM;3_BAM;6_BAM;8_BAM;8_BAM;8_BAM;9_BAM;1_CHAR;2_CHAR;2_CHAR;5_DOT;WEST;WEST;NORTH,,red_1,
3_BAM;3_BAM;5_BAM;1_CHAR;3_CHAR;7_CHAR;7_DOT;8_DOT,3_DOT;3_DOT;3_DOT;2_BAM;3_BAM;4_BAM,chicken,
5_BAM;9_BAM;2_CHAR;3_CHAR;4_CHAR;8_CHAR;NORTH;RED,5_CHAR;6_CHAR;7_CHAR;7_CHAR;8_CHAR;9_CHAR,,
3_BAM;5_BAM;8_BAM;8_BAM;4_CHAR;3_DOT;5_DOT;7_DOT;9_DOT;9_DOT;NORTH,1_BAM;2_BAM;3_BAM,red_4;blue_4,
5_BAM;6_BAM;7_BAM;8_BAM;8_BAM;1_CHAR;1_CHAR;3_CHAR;1_DOT;1_DOT;1_DOT;7_DOT;8_DOT;GREEN,,red_2;blue_3,
4_BAM;5_BAM;7_BAM;8_BAM;1_CHAR;4_CHAR;3_DOT;7_DOT;8_DOT;GREEN;WHITE,7_BAM;8_BAM;9_BAM,,
1_BAM;3_BAM;5_BAM;1_CHAR;4_CHAR;5_CHAR;5_CHAR;7_CHAR;1_DOT;2_DOT;SOUTH;NORTH;RED;GREEN,,rat,
1_BAM;2_BAM;6_BAM;6_BAM;6_CHAR;9_CHAR;3_DOT;7_DOT;7_DOT;RED;WHITE,4_BAM;4_BAM;4_BAM,,
1_CHAR;3_CHAR;6_CHAR;2_DOT;3_DOT;7_DOT;8_DOT;WEST,7_DOT;7_DOT;7_DOT;NORTH;NORTH;NORTH,centipede,
4_BAM;5_BAM;5_BAM;9_BAM;5_DOT;7_DOT;8_DOT;8_DOT;EAST;SOUTH;GREEN,WEST;WEST;WEST,red_1;rat,
3_BAM;2_CHAR;5_CHAR;7_CHAR;3_DOT;5_DOT;NORTH;RED,6_CHAR;6_CHAR;6_CHAR;2_DOT;3_DOT;4_DOT,red_1;cat,
1_BAM;4_BAM;7_BAM;8_BAM;2_CHAR;8_CHAR;9_CHAR;9_CHAR;2_DOT;9_DOT;WEST;WEST;RED;GREEN,,blue_2;blue_3,
7_BAM;8_BAM;8_BAM;9_BAM;1_CHAR;2_CHAR;3_DOT;3_DOT;4_DOT;4_DOT;9_DOT;SOUTH;WEST;WHITE,,,
6_BAM;6_BAM;7_BAM;3_CHAR;3_CHAR;7_CHAR;9_CHAR;1_DOT;7_DOT;7_DOT;8_DOT;EAST;WEST;NORTH,,,
3_BAM;9_BAM;5_CHAR;6_CHAR;7_CHAR;1_DOT;3_DOT;7_DOT;7_DOT;8_DOT;SOUTH,2_DOT;3_DOT;4_DOT,blue_3,
8_BAM;8_BAM;1_CHAR;9_CHAR;9_CHAR;4_DOT;8_DOT;GREEN,2_BAM;3_BAM;4_BAM;6_CHAR;7_CHAR;8_CHAR,red_4,
2_BAM;5_BAM;5_BAM;7_CHAR;4_DOT;4_DOT;6_DOT;WHITE,4_DOT;5_DOT;6_DOT;3_DOT;4_DOT;5_DOT,,
6_BAM;1_CHAR;8_CHAR;8_CHAR;9_CHAR;3_DOT;5_DOT;6_DOT;6_DOT;9_DOT;GREEN,1_BAM;2_BAM;3_BAM,blue_4,
1_BAM;3_BAM;3_BAM;4_BAM;4_BAM;6_BAM;6_BAM;7_BAM;8_BAM;7_DOT;NORTH;RED;RED;GREEN,,,
5_BAM;4_CHAR;6_CHAR;8_DOT;SOUTH;NORTH;GREEN;WHITE,6_CHAR;7_CHAR;8_CHAR;2_DOT;3_DOT;4_DOT,red_1;cat,
2_BAM;3_BAM;8_BAM;1_CHAR;8_CHAR;9_CHAR;9_CHAR;1_DOT;2_DOT;4_DOT;7_DOT,6_DOT;6_DOT;6_DOT,red_3;red_2,
3_CHAR;5_CHAR;5_CHAR;7_CHAR;8_CHAR;8_DOT;8_DOT;EAST;SOUTH;SOUTH;WEST;NORTH;NORTH;NORTH,,,
6_BAM;7_BAM;9_BAM;2_CHAR;2_DOT;3_DOT;WEST;WHITE,1_BAM;1_BAM;1_BAM;2_DOT;2_DOT;2_DOT,,
1_BAM;4_BAM;6_BAM;7_BAM;9_BAM;5_CHAR;6_CHAR;9_CHAR;2_DOT;6_DOT;SOUTH,4_CHAR;4_CHAR;4_CHAR,chicken,
3_BAM;5_BAM;8_CHAR;1_DOT;7_DOT;WEST;NORTH;GREEN,4_CHAR;5_CHAR;6_CHAR;3_CHAR;3_CHAR;3_CHAR,cat;red_1,
4_CHAR;7_CHAR;2_DOT;4_DOT;5_DOT;EAST;EAST;NORTH,4_BAM;5_BAM;6_BAM;6_BAM;6_BAM;6_BAM,,
1_BAM;3_BAM;8_BAM;1_CHAR;5_CHAR;7_CHAR;3_DOT;6_DOT;7_DOT;9_DOT;WEST,4_CHAR;4_CHAR;4_CHAR,blue_4,
2_BAM;5_BAM;6_BAM;1_CHAR;4_CHAR;4_CHAR;5_CHAR;6_CHAR;7_CHAR;9_CHAR;3_DOT;3_DOT;4_DOT;WEST,,blue_4,
1_BAM;9_BAM;1_CHAR;5_CHAR;9_CHAR;5_DOT;6_DOT;8_DOT;8_DOT;9_DOT;EAST;NORTH;WHITE;WHITE,,,
7_BAM;7_BAM;6_CHAR;8_CHAR;4_DOT;4_DOT;5_DOT;6_DOT,6_CHAR;7_CHAR;8_CHAR;7_BAM;8_BAM;9_BAM,,
6_BAM;1_CHAR;3_CHAR;8_CHAR;9_CHAR;9_CHAR;1_DOT;1_DOT;4_DOT;4_DOT;8_DOT;WEST;WHITE;WHITE,,,
1_BAM;6_BAM;8_BAM;4_CHAR;4_CHAR;5_CHAR;2_DOT;5_DOT;SOUTH;RED;WHITE,4_BAM;5_BAM;6_BAM,red_1;blue_4,
7_BAM;4_CHAR;7_CHAR;1_DOT;1_DOT;2_DOT;4_DOT;7_DOT,WEST;WEST;WEST;2_DOT;3_DOT;4_DOT,,
4_BAM;5_CHAR;6_CHAR;6_CHAR;4_DOT;4_DOT;8_DOT;EAST,2_CHAR;3_CHAR;4_CHAR;SOUTH;SOUTH;SOUTH,blue_2,
5_BAM;6_BAM;5_CHAR;8_CHAR;9_CHAR;NORTH;NORTH;GREEN,7_CHAR;7_CHAR;7_CHAR;9_BAM;9_BAM;9_BAM,,
4_BAM;2_CHAR;3_CHAR;8_CHAR;3_DOT;WEST;NORTH;RED,5_DOT;5_DOT;5_DOT;5_DOT;6_DOT;7_DOT,,
1_CHAR;4_CHAR;6_CHAR;7_CHAR;1_DOT;7_DOT;7_DOT;9_DOT,RED;RED;RED;4_BAM;5_BAM;6_BAM,red_4,
2_BAM;9_BAM;2_CHAR;2_CHAR;9_CHAR;1_DOT;2_DOT;3_DOT;4_DOT;5_DOT;RED,3_CHAR;4_CHAR;5_CHAR,red_4,
5_BAM;6_BAM;9_BAM;6_DOT;8_DOT;9_DOT;EAST;RED,6_CHAR;7_CHAR;8_CHAR;6_BAM;7_BAM;8_BAM,,
3_BAM;5_BAM;7_BAM;8_BAM;8_BAM;5_CHAR;1_DOT;NORTH,3_BAM;4_BAM;5_BAM;4_BAM;5_BAM;6_BAM,blue_2,
6_BAM;3_CHAR;5_CHAR;7_CHAR;1_DOT;2_DOT;2_DOT;NORTH,6_CHAR;7_CHAR;8_CHAR;3_DOT;4_DOT;5_DOT,cat;blue_3,
4_BAM;6_CHAR;8_CHAR;2_DOT;9_DOT;9_DOT;NORTH;RED,WHITE;WHITE;WHITE;4_CHAR;4_CHAR;4_CHAR,red_4,
1_BAM;7_BAM;8_BAM;4_CHAR;7_CHAR;1_DOT;5_DOT;9_DOT;9_DOT;NORTH;NORTH;NORTH;RED;GREEN,,rat;centipede,
7_BAM;8_BAM;4_CHAR;2_DOT;9_DOT;SOUTH;WEST;WEST,3_CHAR;4_CHAR;5_CHAR;7_BAM;8_BAM;9_BAM,chicken;cat,
3_BAM;3_BAM;8_BAM;6_DOT;8_DOT;EAST;RED;GREEN,3_CHAR;4_CHAR;5_CHAR;8_DOT;8_DOT;8_DOT,blue_4;red_3,
7_BAM;7_BAM;9_BAM;4_CHAR;7_CHAR;8_CHAR;1_DOT;1_DOT;7_DOT;8_DOT;SOUTH,8_BAM;8_BAM;8_BAM,centipede,
4_BAM;6_BAM;6_BAM;8_BAM;4_CHAR;4_CHAR;1_DOT;8_DOT,1_BAM;2_BAM;3_BAM;1_BAM;1_BAM;1_BAM,chicken;cat,
3_BAM;7_CHAR;5_DOT;EAST;WEST;RED;RED;GREEN,5_BAM;6_BAM;7_BAM;5_DOT;5_DOT;5_DOT,centipede,
1_BAM;6_BAM;9_BAM;9_CHAR;4_DOT;SOUTH;NORTH;GREEN,RED;RED;RED;4_BAM;5_BAM;6_BAM,,
8_BAM;7_CHAR;8_CHAR;2_DOT;6_DOT;WEST;NORTH;RED,5_CHAR;6_CHAR;7_CHAR;7_BAM;8_BAM;9_BAM,blue_4;red_3,
4_BAM;7_BAM;1_CHAR;5_CHAR;5_CHAR;7_CHAR;3_DOT;5_DOT;8_DOT;9_DOT;9_DOT;NORTH;RED;GREEN,,red_1;red_2,
2_BAM;9_BAM;4_CHAR;4_CHAR;6_CHAR;1_DOT;5_DOT;5_DOT;9_DOT;EAST;WHITE,NORTH;NORTH;NORTH,blue_1,
2_BAM;2_BAM;3_BAM;6_CHAR;9_CHAR;1_DOT;6_DOT;7_DOT;8_DOT;8_DOT;NORTH,9_DOT;9_DOT;9_DOT,cat;centipede,
4_BAM;8_BAM;2_CHAR;2_CHAR;4_CHAR;5_CHAR;7_CHAR;4_DOT;6_DOT;6_DOT;WHITE,3_BAM;4_BAM;5_BAM,rat,
2_BAM;2_BAM;4_BAM;1_CHAR;2_CHAR;5_CHAR;9_DOT;9_DOT,5_BAM;5_BAM;5_BAM;2_CHAR;3_CHAR;4_CHAR,blue_1;red_4,
2_BAM;4_BAM;4_BAM;7_BAM;2_DOT;9_DOT;GREEN;GREEN,5_CHAR;6_CHAR;7_CHAR;4_DOT;5_DOT;6_DOT,,
3_BAM;3_BAM;9_BAM;9_BAM;1_CHAR;4_CHAR;4_DOT;6_DOT;WEST;WEST;WHITE,1_CHAR;2_CHAR;3_CHAR,,
2_BAM;3_BAM;9_BAM;9_BAM;3_CHAR;4_CHAR;6_CHAR;9_CHAR;3_DOT;3_DOT;6_DOT;SOUTH;WEST;RED,,,
3_BAM;3_BAM;4_BAM;5_BAM;3_CHAR;6_CHAR;6_CHAR;2_DOT;7_DOT;EAST;NORTH,4_BAM;4_BAM;4_BAM,red_2;blue_1,
6_BAM;9_BAM;3_CHAR;1_DOT;5_DOT;6_DOT;6_DOT;6_DOT;WEST;NORTH;RED,3_BAM;4_BAM;5_BAM,,
6_BAM;1_CHAR;2_CHAR;4_CHAR;6_CHAR;SOUTH;SOUTH;WHITE,4_CHAR;5_CHAR;6_CHAR;2_BAM;2_BAM;2_BAM,,
1_BAM;4_BAM;7_BAM;8_BAM;9_BAM;1_CHAR;5_CHAR;9_CHAR;1_DOT;3_DOT;5_DOT;RED;GREEN;GREEN,,blue_1,
2_BAM;5_BAM;6_BAM;7_BAM;3_CHAR;5_DOT;5_DOT;5_DOT;8_DOT;WEST;NORTH;RED;RED;RED,,red_1;cat,
1_BAM;8_BAM;4_CHAR;5_DOT;5_DOT;6_DOT;9_DOT;SOUTH,2_DOT;3_DOT;4_DOT;5_DOT;6_DOT;7_DOT,red_1,
3_BAM;5_BAM;5_BAM;7_BAM;4_CHAR;4_CHAR;6_CHAR;1_DOT;5_DOT;WEST;GREEN,6_CHAR;7_CHAR;8_CHAR,,
1_BAM;7_BAM;2_CHAR;3_CHAR;4_CHAR;9_CHAR;4_DOT;7_DOT;8_DOT;EAST;WHITE,7_DOT;8_DOT;9_DOT,blue_2,
1_BAM;7_BAM;8_BAM;8_BAM;7_CHAR;1_DOT;9_DOT;EAST,4_BAM;5_BAM;6_BAM;4_CHAR;4_CHAR;4_CHAR,chicken,
8_BAM;8_BAM;5_CHAR;5_CHAR;7_CHAR;9_CHAR;9_CHAR;2_DOT;3_DOT;4_DOT;5_DOT;7_DOT;8_DOT;NORTH,,blue_3,
1_BAM;5_BAM;8_BAM;4_CHAR;4_CHAR;4_CHAR;8_CHAR;8_CHAR;1_DOT;3_DOT;5_DOT;9_DOT;RED;GREEN,,,
1_BAM;1_CHAR;1_CHAR;4_CHAR;9_CHAR;3_DOT;3_DOT;6_DOT;8_DOT;8_DOT;8_DOT;NORTH;GREEN;WHITE,,,
1_BAM;2_BAM;3_BAM;5_BAM;8_BAM;4_CHAR;7_CHAR;9_CHAR;1_DOT;2_DOT;3_DOT;4_DOT;SOUTH;RED,,red_2;blue_2,
3_BAM;3_BAM;8_BAM;3_CHAR;4_CHAR;9_CHAR;2_DOT;3_DOT;4_DOT;4_DOT;6_DOT,5_BAM;6_BAM;7_BAM,,
9_BAM;5_CHAR;6_CHAR;6_CHAR;4_DOT;6_DOT;8_DOT;SOUTH;SOUTH;NORTH;RED,7_BAM;8_BAM;9_BAM,,
5_BAM;2_CHAR;3_CHAR;3_CHAR;4_CHAR;9_CHAR;9_CHAR;3_DOT;SOUTH;SOUTH;NORTH,4_DOT;4_DOT;4_DOT,red_2,
5_BAM;6_BAM;5_CHAR;7_CHAR;2_DOT;EAST;WEST;WHITE,2_CHAR;2_CHAR;2_CHAR;3_DOT;3_DOT;3_DOT,red_1,
3_BAM;7_BAM;8_BAM;2_CHAR;3_CHAR;4_CHAR;4_CHAR;7_CHAR;8_CHAR;2_DOT;4_DOT;4_DOT;SOUTH;GREEN,,red_1,
4_BAM;5_BAM;9_BAM;4_CHAR;5_CHAR;7_CHAR;1_DOT;1_DOT;4_DOT;8_DOT;EAST,5_BAM;5_BAM;5_BAM,blue_2;red_3,
3_BAM;3_BAM;5_CHAR;1_DOT;1_DOT;GREEN;GREEN;WHITE,5_BAM;6_BAM;7_BAM;7_BAM;8_BAM;9_BAM,,
5_BAM;8_BAM;9_CHAR;4_DOT;6_DOT;7_DOT;8_DOT;8_DOT;9_DOT;EAST;GREEN,7_CHAR;8_CHAR;9_CHAR,chicken;rat,
5_BAM;4_CHAR;7_CHAR;8_CHAR;5_DOT;9_DOT;EAST;SOUTH,6_DOT;7_DOT;8_DOT;1_CHAR;1_CHAR;1_CHAR,,
1_BAM;3_BAM;4_BAM;5_BAM;7_BAM;7_BAM;3_CHAR;3_CHAR;8_CHAR;7_DOT;NORTH;RED;RED;WHITE,,blue_1;rat,
8_BAM;4_CHAR;6_CHAR;6_CHAR;5_DOT;7_DOT;GREEN;WHITE,1_CHAR;2_CHAR;3_CHAR;3_DOT;3_DOT;3_DOT,cat;blue_3,
2_BAM;5_BAM;8_BAM;9_BAM;1_CHAR;7_CHAR;6_DOT;6_DOT;9_DOT;SOUTH;WEST;RED;GREEN;WHITE,,cat;red_1,
3_BAM;4_BAM;6_BAM;1_CHAR;9_CHAR;2_DOT;2_DOT;4_DOT;EAST;WEST;NORTH,7_DOT;8_DOT;9_DOT,,
2_BAM;3_BAM;3_BAM;7_BAM;5_CHAR;3_DOT;EAST;WEST;RED;GREEN;GREEN,WHITE;WHITE;WHITE,blue_2,
1_BAM;1_BAM;3_CHAR;7_CHAR;8_DOT;EAST;SOUTH;RED,8_DOT;8_DOT;8_DOT;4_DOT;4_DOT;4_DOT,cat,
5_BAM;6_BAM;4_CHAR;4_CHAR;6_CHAR;8_CHAR;8_CHAR;2_DOT;4_DOT;5_DOT;6_DOT;NORTH;GREEN;WHITE,,blue_1,
1_BAM;1_BAM;2_BAM;2_BAM;3_BAM;7_BAM;8_BAM;7_CHAR;8_CHAR;5_DOT;EAST;SOUTH;WEST;WHITE,,red_1;rat,
1_BAM;2_BAM;5_CHAR;6_CHAR;9_CHAR;6_DOT;6_DOT;WHITE,3_DOT;4_DOT;5_DOT;5_DOT;5_DOT;5_DOT,rat,
5_BAM;6_BAM;6_BAM;8_BAM;2_CHAR;5_CHAR;5_CHAR;7_CHAR;7_CHAR;8_CHAR;4_DOT;6_DOT;NORTH;WHITE,,cat,
1_BAM;4_BAM;7_BAM;8_BAM;3_CHAR;5_CHAR;5_CHAR;3_DOT;7_DOT;EAST;NORTH,7_CHAR;8_CHAR;9_CHAR,blue_1;red_2,
6_BAM;5_CHAR;7_CHAR;9_CHAR;2_DOT;SOUTH;WEST;RED,4_DOT;5_DOT;6_DOT;3_BAM;3_BAM;3_BAM,,
2_BAM;6_CHAR;7_CHAR;7_CHAR;7_CHAR;1_DOT;1_DOT;2_DOT;6_DOT;WEST;RED,9_DOT;9_DOT;9_DOT,red_2,
6_BAM;8_BAM;9_BAM;2_CHAR;3_CHAR;7_CHAR;1_DOT;3_DOT;5_DOT;5_DOT;GREEN,6_DOT;6_DOT;6_DOT,blue_4;red_4,
3_BAM;4_BAM;7_BAM;1_DOT;2_DOT;WEST;NORTH;NORTH,3_CHAR;4_CHAR;5_CHAR;2_DOT;3_DOT;4_DOT,,
2_BAM;4_BAM;4_BAM;5_BAM;7_BAM;8_BAM;4_DOT;6_DOT;EAST;NORTH;RED,5_BAM;6_BAM;7_BAM,blue_3;blue_2,
3_BAM;4_BAM;6_BAM;8_BAM;5_CHAR;7_CHAR;7_CHAR;8_CHAR;3_DOT;4_DOT;5_DOT;6_DOT;WHITE;WHITE,,blue_1;blue_4,
6_BAM;1_CHAR;3_CHAR;4_CHAR;8_CHAR;8_CHAR;9_CHAR;2_DOT;5_DOT;RED;WHITE,8_BAM;8_BAM;8_BAM,red_3,
4_BAM;9_BAM;1_CHAR;5_CHAR;9_CHAR;9_CHAR;1_DOT;1_DOT;4_DOT;7_DOT;WEST;WEST;NORTH;WHITE,,chicken;red_1,
4_BAM;4_CHAR;7_CHAR;9_DOT;EAST;EAST;WEST;NORTH,7_BAM;8_BAM;9_BAM;WHITE;WHITE;WHITE,rat;blue_1,
3_BAM;1_DOT;1_DOT;5_DOT;7_DOT;8_DOT;9_DOT;GREEN,3_DOT;3_DOT;3_DOT;4_BAM;5_BAM;6_BAM,red_3,
3_BAM;8_BAM;1_CHAR;1_CHAR;3_CHAR;4_CHAR;1_DOT;3_DOT;6_DOT;9_DOT;SOUTH,2_BAM;2_BAM;2_BAM,red_2,
4_BAM;7_BAM;1_CHAR;2_CHAR;5_CHAR;8_CHAR;3_DOT;3_DOT,2_DOT;2_DOT;2_DOT;1_CHAR;2_CHAR;3_CHAR,red_2;blue_4,
1_BAM;3_BAM;3_BAM;4_BAM;6_BAM;5_CHAR;5_CHAR;4_DOT;7_DOT;8_DOT;9_DOT;EAST;EAST;NORTH,,blue_4;red_4,
4_BAM;6_BAM;7_BAM;4_CHAR;4_CHAR;1_DOT;SOUTH;GREEN,5_DOT;6_DOT;7_DOT;6_CHAR;7_CHAR;8_CHAR,,
5_BAM;8_BAM;8_BAM;1_CHAR;5_CHAR;8_CHAR;9_CHAR;2_DOT;7_DOT;8_DOT;9_DOT;SOUTH;SOUTH;GREEN,,,
3_BAM;4_BAM;1_CHAR;8_CHAR;8_CHAR;2_DOT;6_DOT;8_DOT;SOUTH;NORTH;GREEN,1_DOT;1_DOT;1_DOT,,
6_CHAR;8_CHAR;8_CHAR;9_CHAR;1_DOT;4_DOT;5_DOT;9_DOT;EAST;EAST;WHITE,5_DOT;6_DOT;7_DOT,,
1_BAM;2_BAM;4_BAM;5_BAM;8_BAM;1_CHAR;7_CHAR;8_CHAR;9_CHAR;6_DOT;6_DOT;8_DOT;9_DOT;RED,,,
1_BAM;1_BAM;4_BAM;7_BAM;5_CHAR;5_CHAR;6_CHAR;4_DOT;5_DOT;SOUTH;RED;RED;GREEN;WHITE,,,
1_BAM;5_BAM;6_BAM;2_CHAR;4_CHAR;6_CHAR;7_CHAR;1_DOT;EAST;NORTH;WHITE,4_CHAR;4_CHAR;4_CHAR,,
2_BAM;2_BAM;5_BAM;8_BAM;1_DOT;3_DOT;6_DOT;8_DOT,3_BAM;4_BAM;5_BAM;2_DOT;2_DOT;2_DOT,,
1_BAM;2_BAM;2_BAM;9_BAM;9_BAM;4_CHAR;6_CHAR;6_CHAR;9_CHAR;5_DOT;6_DOT;8_DOT;NORTH;RED,,cat,
3_CHAR;7_CHAR;7_CHAR;8_CHAR;3_DOT;4_DOT;8_DOT;8_DOT;EAST;RED;GREEN,4_CHAR;5_CHAR;6_CHAR,,
5_BAM;4_CHAR;9_CHAR;8_DOT;9_DOT;9_DOT;SOUTH;WHITE,3_BAM;4_BAM;5_BAM;5_BAM;6_BAM;7_BAM,red_3;chicken,
2_BAM;4_BAM;8_BAM;8_BAM;3_CHAR;3_CHAR;1_DOT;GREEN,3_DOT;4_DOT;5_DOT;1_CHAR;2_CHAR;3_CHAR,,
3_BAM;6_BAM;9_BAM;3_CHAR;4_CHAR;9_CHAR;1_DOT;3_DOT;3_DOT;4_DOT;EAST,7_DOT;8_DOT;9_DOT,centipede;blue_3,
7_BAM;7_BAM;3_CHAR;3_CHAR;4_CHAR;5_CHAR;5_CHAR;8_CHAR;7_DOT;SOUTH;NORTH,5_BAM;6_BAM;7_BAM,,
1_BAM;2_BAM;6_BAM;9_BAM;8_CHAR;9_CHAR;4_DOT;5_DOT;9_DOT;NORTH;NORTH,9_BAM;9_BAM;9_BAM,red_4;blue_3,
1_BAM;2_BAM;5_BAM;8_BAM;8_BAM;1_CHAR;2_CHAR;5_CHAR;6_CHAR;8_CHAR;9_CHAR;3_DOT;7_DOT;8_DOT,,blue_4,
4_CHAR;5_CHAR;6_CHAR;1_DOT;1_DOT;1_DOT;2_DOT;4_DOT;8_DOT;SOUTH;WHITE,5_BAM;6_BAM;7_BAM,,
2_BAM;6_BAM;5_CHAR;4_DOT;4_DOT;8_DOT;EAST;RED,6_DOT;7_DOT;8_DOT;6_DOT;6_DOT;6_DOT,cat,
3_BAM;5_BAM;6_BAM;1_CHAR;8_CHAR;4_DOT;NORTH;NORTH,7_CHAR;7_CHAR;7_CHAR;4_DOT;5_DOT;6_DOT,cat,
9_BAM;3_CHAR;4_CHAR;6_DOT;8_DOT;WEST;NORTH;WHITE,1_DOT;2_DOT;3_DOT;5_DOT;6_DOT;7_DOT,centipede,
3_BAM;1_CHAR;3_CHAR;4_CHAR;5_CHAR;6_CHAR;7_CHAR;2_DOT;8_DOT;RED;RED,WEST;WEST;WEST,,
1_BAM;7_CHAR;1_DOT;5_DOT;EAST;NORTH;RED;GREEN,NORTH;NORTH;NORTH;3_CHAR;3_CHAR;3_CHAR,red_4,
6_BAM;9_BAM;1_CHAR;3_CHAR;7_CHAR;7_CHAR;1_DOT;5_DOT;6_DOT;NORTH;GREEN,3_DOT;4_DOT;5_DOT,cat,
3_BAM;6_BAM;7_BAM;9_BAM;9_CHAR;3_DOT;SOUTH;NORTH,2_DOT;3_DOT;4_DOT;5_BAM;6_BAM;7_BAM,blue_1;blue_2,
5_BAM;6_BAM;6_BAM;9_BAM;1_CHAR;2_CHAR;3_CHAR;5_CHAR;6_CHAR;8_CHAR;6_DOT;NORTH;NORTH;RED,,red_3;blue_2,
2_BAM;3_BAM;4_BAM;7_BAM;7_BAM;3_CHAR;5_CHAR;6_CHAR;6_CHAR;7_CHAR;3_DOT;4_DOT;NORTH;GREEN,,,
2_BAM;5_BAM;3_CHAR;4_CHAR;5_CHAR;9_CHAR;1_DOT;3_DOT;4_DOT;5_DOT;WEST,2_BAM;3_BAM;4_BAM,,
4_BAM;4_BAM;5_BAM;8_BAM;3_CHAR;WEST;WEST;RED,3_CHAR;4_CHAR;5_CHAR;1_BAM;1_BAM;1_BAM,red_4;blue_2,
3_BAM;7_BAM;1_CHAR;1_CHAR;2_CHAR;6_CHAR;4_DOT;7_DOT;8_DOT;SOUTH;SOUTH;WEST;GREEN;WHITE,,,
1_BAM;1_BAM;1_BAM;2_BAM;5_BAM;6_BAM;9_BAM;6_CHAR;7_CHAR;1_DOT;3_DOT;5_DOT;7_DOT;EAST,,blue_1,
1_BAM;4_BAM;4_BAM;8_BAM;9_BAM;1_CHAR;7_CHAR;4_DOT;5_DOT;7_DOT;8_DOT;8_DOT;EAST;GREEN,,rat,
1_BAM;3_BAM;4_BAM;9_BAM;5_CHAR;7_CHAR;2_DOT;2_DOT;5_DOT;EAST;WHITE,3_DOT;3_DOT;3_DOT,red_4,
3_BAM;7_BAM;8_BAM;6_CHAR;9_CHAR;3_DOT;5_DOT;9_DOT;EAST;SOUTH;SOUTH,4_BAM;5_BAM;6_BAM,red_1;red_2,
4_BAM;8_BAM;7_CHAR;9_CHAR;2_DOT;7_DOT;SOUTH;WHITE,5_BAM;6_BAM;7_BAM;7_BAM;8_BAM;9_BAM,red_4,
1_BAM;2_BAM;2_BAM;7_BAM;8_BAM;1_CHAR;8_CHAR;7_DOT;NORTH;GREEN;WHITE,2_CHAR;2_CHAR;2_CHAR,,
2_BAM;8_CHAR;4_DOT;4_DOT;6_DOT;7_DOT;9_DOT;RED,4_BAM;4_BAM;4_BAM;4_CHAR;5_CHAR;6_CHAR,red_3,
1_BAM;2_BAM;2_BAM;3_BAM;5_BAM;8_BAM;9_BAM;9_BAM;5_DOT;7_DOT;SOUTH,4_CHAR;5_CHAR;6_CHAR,red_3,
7_BAM;8_BAM;4_CHAR;8_CHAR;4_DOT;4_DOT;5_DOT;7_DOT;7_DOT;SOUTH;RED,RED;RED;RED,blue_2;red_1,
4_BAM;8_BAM;8_BAM;2_CHAR;2_CHAR;6_CHAR;6_CHAR;8_CHAR;9_CHAR;4_DOT;SOUTH;WEST;NORTH;GREEN,,blue_2;red_1,
1_BAM;3_BAM;4_BAM;1_CHAR;4_CHAR;5_CHAR;9_CHAR;1_DOT;6_DOT;7_DOT;WHITE,1_CHAR;1_CHAR;1_CHAR,blue_3,
1_BAM;8_BAM;9_BAM;3_CHAR;1_DOT;2_DOT;4_DOT;6_DOT;9_DOT;WEST;NORTH,7_CHAR;8_CHAR;9_CHAR,blue_2,
4_BAM;5_CHAR;9_CHAR;9_CHAR;2_DOT;9_DOT;RED;GREEN,5_BAM;6_BAM;7_BAM;2_CHAR;3_CHAR;4_CHAR,,
1_BAM;3_BAM;6_BAM;6_CHAR;3_DOT;3_DOT;SOUTH;NORTH,6_BAM;7_BAM;8_BAM;4_BAM;4_BAM;4_BAM,red_2;blue_2,
1_BAM;1_BAM;1_BAM;4_BAM;6_BAM;2_CHAR;7_CHAR;7_CHAR;4_DOT;7_DOT;SOUTH,6_DOT;7_DOT;8_DOT,blue_2,
2_CHAR;4_CHAR;6_CHAR;7_CHAR;7_CHAR;2_DOT;2_DOT;RED,1_BAM;2_BAM;3_BAM;7_CHAR;8_CHAR;9_CHAR,rat,
5_BAM;6_BAM;9_BAM;2_CHAR;3_CHAR;4_CHAR;8_CHAR;3_DOT;3_DOT;5_DOT;6_DOT;SOUTH;NORTH;NORTH,,blue_3;red_4,
8_BAM;3_CHAR;3_CHAR;6_CHAR;3_DOT;3_DOT;3_DOT;4_DOT;4_DOT;8_DOT;WEST,6_BAM;7_BAM;8_BAM,rat,
2_BAM;2_BAM;6_BAM;2_CHAR;3_CHAR;7_CHAR;8_CHAR;3_DOT;4_DOT;5_DOT;7_DOT;EAST;EAST;SOUTH,,blue_3,
2_BAM;2_CHAR;4_CHAR;3_DOT;WEST;RED;GREEN;GREEN,6_DOT;6_DOT;6_DOT;4_DOT;5_DOT;6_DOT,centipede;red_3,
4_CHAR;5_CHAR;5_CHAR;5_CHAR;3_DOT;5_DOT;SOUTH;RED,8_CHAR;8_CHAR;8_CHAR;9_DOT;9_DOT;9_DOT,red_3;centipede,
8_BAM;7_CHAR;8_CHAR;1_DOT;1_DOT;2_DOT;7_DOT;NORTH,7_DOT;7_DOT;7_DOT;2_BAM;2_BAM;2_BAM,blue_4,
4_BAM;7_CHAR;9_CHAR;3_DOT;5_DOT;5_DOT;9_DOT;WHITE,7_DOT;7_DOT;7_DOT;3_CHAR;3_CHAR;3_CHAR,red_1;rat,
3_BAM;3_BAM;3_BAM;5_BAM;9_BAM;1_CHAR;6_CHAR;6_CHAR;3_DOT;5_DOT;7_DOT;EAST;NORTH;GREEN,,,
2_BAM;6_BAM;7_BAM;5_CHAR;7_CHAR;5_DOT;6_DOT;9_DOT;SOUTH;NORTH;GREEN,1_DOT;2_DOT;3_DOT,,
2_BAM;4_BAM;4_CHAR;5_CHAR;2_DOT;2_DOT;4_DOT;4_DOT;5_DOT;9_DOT;RED,RED;RED;RED,,
7_BAM;7_BAM;3_CHAR;7_CHAR;9_CHAR;2_DOT;3_DOT;3_DOT;4_DOT;8_DOT;SOUTH;WEST;NORTH;NORTH,,red_3,
1_BAM;2_BAM;3_BAM;7_BAM;7_BAM;9_CHAR;2_DOT;3_DOT;5_DOT;7_DOT;7_DOT;9_DOT;EAST;SOUTH,,red_4;red_1,
3_BAM;4_BAM;5_BAM;7_BAM;8_BAM;6_CHAR;7_CHAR;8_DOT;NORTH;NORTH;RED,7_BAM;8_BAM;9_BAM,,
2_BAM;7_BAM;8_BAM;3_CHAR;8_CHAR;9_CHAR;2_DOT;8_DOT;9_DOT;WEST;NORTH,4_DOT;4_DOT;4_DOT,centipede;blue_4,
3_BAM;3_BAM;3_CHAR;7_CHAR;8_CHAR;4_DOT;9_DOT;WEST,7_DOT;8_DOT;9_DOT;8_DOT;8_DOT;8_DOT,blue_1,
2_BAM;3_BAM;7_BAM;8_BAM;3_CHAR;6_CHAR;8_CHAR;9_CHAR;2_DOT;8_DOT;SOUTH;WEST;WEST;WHITE,,red_3,
1_BAM;3_BAM;8_BAM;8_BAM;2_CHAR;4_CHAR;7_CHAR;9_CHAR;5_DOT;6_DOT;8_DOT,1_CHAR;2_CHAR;3_CHAR,cat,
4_BAM;9_BAM;2_CHAR;5_CHAR;5_CHAR;5_DOT;7_DOT;SOUTH,7_CHAR;7_CHAR;7_CHAR;1_BAM;2_BAM;3_BAM,cat;centipede,
6_BAM;6_DOT;8_DOT;9_DOT;SOUTH;SOUTH;WEST;RED,4_BAM;5_BAM;6_BAM;2_DOT;3_DOT;4_DOT,centipede;blue_4,
2_BAM;5_BAM;8_BAM;4_CHAR;6_CHAR;7_CHAR;4_DOT;9_DOT;9_DOT;RED;WHITE,1_BAM;2_BAM;3_BAM,rat;cat,
2_BAM;2_BAM;7_BAM;8_CHAR;3_DOT;6_DOT;9_DOT;NORTH,3_DOT;3_DOT;3_DOT;9_CHAR;9_CHAR;9_CHAR,blue_4;red_3,
2_BAM;2_BAM;3_BAM;2_CHAR;5_CHAR;5_CHAR;6_CHAR;7_CHAR;1_DOT;5_DOT;6_DOT;SOUTH;GREEN;WHITE,,centipede;blue_1,
1_BAM;4_BAM;6_BAM;8_BAM;4_CHAR;1_DOT;5_DOT;9_DOT,7_CHAR;8_CHAR;9_CHAR;4_CHAR;5_CHAR;6_CHAR,rat;red_3,
1_BAM;7_BAM;1_CHAR;2_CHAR;3_DOT;RED;GREEN;WHITE,3_DOT;3_DOT;3_DOT;7_CHAR;8_CHAR;9_CHAR,,
3_BAM;6_BAM;6_BAM;9_BAM;1_CHAR;2_CHAR;8_CHAR;8_CHAR;9_CHAR;1_DOT;2_DOT;3_DOT;3_DOT;WEST,,,
9_BAM;1_CHAR;8_CHAR;2_DOT;EAST;SOUTH;RED;GREEN,5_DOT;5_DOT;5_DOT;3_CHAR;3_CHAR;3_CHAR,blue_1,
3_BAM;1_CHAR;4_CHAR;6_CHAR;8_CHAR;9_CHAR;9_CHAR;3_DOT;EAST;WHITE;WHITE,3_DOT;4_DOT;5_DOT,centipede;blue_3,
4_BAM;6_BAM;2_CHAR;5_CHAR;8_CHAR;EAST;RED;WHITE,WHITE;WHITE;WHITE;7_BAM;8_BAM;9_BAM,red_3;red_2,
6_BAM;6_CHAR;6_CHAR;9_CHAR;2_DOT;3_DOT;4_DOT;9_DOT;NORTH;GREEN;GREEN;WHITE;WHITE;WHITE,,,
7_BAM;7_BAM;1_CHAR;2_CHAR;5_CHAR;6_CHAR;6_CHAR;3_DOT;4_DOT;4_DOT;SOUTH;WEST;WHITE;WHITE,,red_1,
3_BAM;4_BAM;5_BAM;6_BAM;3_CHAR;SOUTH;NORTH;RED,7_DOT;8_DOT;9_DOT;2_DOT;3_DOT;4_DOT,,
2_BAM;3_BAM;6_BAM;5_CHAR;6_CHAR;2_DOT;2_DOT;5_DOT;6_DOT;EAST;RED,4_BAM;5_BAM;6_BAM,blue_4;blue_3,
2_BAM;4_BAM;5_BAM;5_BAM;5_CHAR;4_DOT;GREEN;WHITE,GREEN;GREEN;GREEN;2_DOT;3_DOT;4_DOT,cat;blue_2,
2_BAM;3_BAM;5_BAM;9_BAM;1_CHAR;1_CHAR;2_CHAR;8_CHAR;9_CHAR;9_DOT;EAST,3_DOT;4_DOT;5_DOT,,
1_BAM;7_BAM;8_BAM;9_BAM;1_CHAR;6_CHAR;9_CHAR;3_DOT;8_DOT;9_DOT;WHITE,8_DOT;8_DOT;8_DOT,blue_4;blue_1,
1_BAM;6_BAM;8_BAM;9_BAM;8_CHAR;1_DOT;3_DOT;4_DOT;5_DOT;7_DOT;9_DOT;9_DOT;NORTH;GREEN,,red_1,
8_BAM;9_BAM;9_BAM;2_CHAR;8_CHAR;9_DOT;NORTH;GREEN,6_DOT;7_DOT;8_DOT;2_BAM;3_BAM;4_BAM,blue_4,
4_BAM;6_BAM;7_BAM;1_CHAR;8_CHAR;9_CHAR;3_DOT;6_DOT;SOUTH;NORTH;NORTH,4_DOT;5_DOT;6_DOT,red_1,
6_BAM;9_BAM;3_CHAR;2_DOT;4_DOT;SOUTH;NORTH;GREEN,3_BAM;4_BAM;5_BAM;6_DOT;7_DOT;8_DOT,blue_3,
2_BAM;3_BAM;6_BAM;9_BAM;7_CHAR;9_CHAR;WEST;NORTH,3_DOT;4_DOT;5_DOT;2_BAM;3_BAM;4_BAM,blue_3,
5_BAM;6_BAM;6_BAM;1_DOT;3_DOT;4_DOT;7_DOT;GREEN,6_BAM;7_BAM;8_BAM;3_CHAR;4_CHAR;5_CHAR,blue_2,
2_BAM;7_BAM;1_CHAR;4_CHAR;8_CHAR;3_DOT;4_DOT;6_DOT;6_DOT;9_DOT;EAST;EAST;RED;WHITE,,,
2_BAM;3_BAM;5_BAM;6_BAM;3_CHAR;7_CHAR;2_DOT;2_DOT;3_DOT;3_DOT;6_DOT;7_DOT;9_DOT;EAST,,blue_2;blue_4,
1_BAM;2_BAM;4_BAM;5_BAM;4_CHAR;8_CHAR;8_CHAR;3_DOT;3_DOT;9_DOT;EAST;RED;GREEN;WHITE,,blue_4;red_3,
6_BAM;7_BAM;9_BAM;3_DOT;5_DOT;GREEN;GREEN;WHITE,3_DOT;3_DOT;3_DOT;9_BAM;9_BAM;9_BAM,red_3,
2_BAM;3_BAM;4_BAM;3_CHAR;4_CHAR;6_CHAR;9_CHAR;3_DOT;9_DOT;EAST;WEST,6_BAM;7_BAM;8_BAM,red_3;blue_1,
1_BAM;3_BAM;3_BAM;4_BAM;2_CHAR;2_CHAR;6_CHAR;6_CHAR;9_CHAR;2_DOT;4_DOT;6_DOT;9_DOT;WEST,,,
2_BAM;2_BAM;3_BAM;4_BAM;8_BAM;9_BAM;2_CHAR;2_CHAR;9_CHAR;1_DOT;6_DOT;6_DOT;9_DOT;NORTH,,rat;blue_3,
2_BAM;7_CHAR;1_DOT;1_DOT;4_DOT;7_DOT;7_DOT;8_DOT,3_DOT;3_DOT;3_DOT;5_BAM;6_BAM;7_BAM,,
1_BAM;8_BAM;8_BAM;1_CHAR;4_CHAR;5_CHAR;6_CHAR;2_DOT;2_DOT;7_DOT;WEST,3_BAM;3_BAM;3_BAM,blue_4;red_3,
9_BAM;6_CHAR;7_CHAR;4_DOT;5_DOT;6_DOT;NORTH;GREEN;GREEN;WHITE;WHITE,2_DOT;2_DOT;2_DOT,blue_3,
2_BAM;3_BAM;5_BAM;7_BAM;8_BAM;1_DOT;4_DOT;9_DOT;SOUTH;RED;GREEN,EAST;EAST;EAST,,
4_BAM;7_BAM;9_BAM;6_CHAR;9_CHAR;2_DOT;EAST;SOUTH,GREEN;GREEN;GREEN;5_DOT;6_DOT;7_DOT,chicken,
7_BAM;9_BAM;6_CHAR;6_DOT;6_DOT;GREEN;GREEN;GREEN,7_BAM;8_BAM;9_BAM;1_DOT;2_DOT;3_DOT,,
8_BAM;9_BAM;5_CHAR;6_CHAR;7_DOT;SOUTH;GREEN;WHITE,5_DOT;6_DOT;7_DOT;5_CHAR;5_CHAR;5_CHAR,rat,
1_BAM;6_BAM;1_CHAR;3_CHAR;4_CHAR;3_DOT;3_DOT;4_DOT;8_DOT;WEST;GREEN,3_DOT;4_DOT;5_DOT,,
2_BAM;2_BAM;3_BAM;4_BAM;7_BAM;9_BAM;9_BAM;1_CHAR;2_CHAR;8_CHAR;9_CHAR;4_DOT;5_DOT;WEST,,red_4;red_2,
5_BAM;5_BAM;1_CHAR;2_CHAR;7_CHAR;1_DOT;3_DOT;EAST;EAST;SOUTH;RED,GREEN;GREEN;GREEN,blue_3;red_4,
3_BAM;4_BAM;6_BAM;4_CHAR;9_CHAR;5_DOT;5_DOT;6_DOT;7_DOT;7_DOT;8_DOT;8_DOT;SOUTH;WEST,,,
5_BAM;6_BAM;9_BAM;1_CHAR;6_CHAR;SOUTH;WHITE;WHITE,6_BAM;7_BAM;8_BAM;5_BAM;6_BAM;7_BAM,red_4,
2_BAM;9_BAM;1_CHAR;3_CHAR;4_CHAR;4_CHAR;6_CHAR;7_CHAR;9_DOT;SOUTH;WEST,WHITE;WHITE;WHITE,,
2_BAM;5_BAM;9_BAM;7_CHAR;9_CHAR;6_DOT;RED;WHITE,6_DOT;7_DOT;8_DOT;WEST;WEST;WEST,red_3;blue_1,
2_BAM;5_BAM;7_BAM;2_CHAR;4_CHAR;5_CHAR;9_CHAR;7_DOT;8_DOT;WEST;RED,2_BAM;3_BAM;4_BAM,blue_4,
4_BAM;5_BAM;1_CHAR;4_CHAR;9_CHAR;5_DOT;6_DOT;7_DOT;9_DOT;EAST;SOUTH,4_BAM;5_BAM;6_BAM,,
3_BAM;5_BAM;6_BAM;8_BAM;1_CHAR;5_CHAR;5_CHAR;8_CHAR;2_DOT;5_DOT;8_DOT;9_DOT;EAST;GREEN,,,
2_BAM;5_BAM;1_CHAR;1_CHAR;3_CHAR;4_CHAR;5_CHAR;9_CHAR;5_DOT;7_DOT;8_DOT,7_CHAR;7_CHAR;7_CHAR,,
5_BAM;7_BAM;7_BAM;8_BAM;9_BAM;5_CHAR;6_CHAR;6_CHAR;4_DOT;7_DOT;SOUTH,3_DOT;3_DOT;3_DOT,red_4;cat,
7_BAM;8_BAM;1_CHAR;2_CHAR;4_CHAR;8_CHAR;9_CHAR;1_DOT;3_DOT;9_DOT;RED,3_BAM;3_BAM;3_BAM,,
1_BAM;6_BAM;8_BAM;2_CHAR;3_CHAR;5_CHAR;7_CHAR;8_CHAR;3_DOT;8_DOT;SOUTH;SOUTH;WEST;NORTH,,red_2,
4_CHAR;4_CHAR;5_CHAR;8_CHAR;2_DOT;8_DOT;8_DOT;WHITE,5_BAM;6_BAM;7_BAM;1_BAM;2_BAM;3_BAM,blue_4,
1_BAM;1_BAM;3_BAM;9_BAM;1_CHAR;2_CHAR;7_CHAR;4_DOT;4_DOT;7_DOT;WEST,9_DOT;9_DOT;9_DOT,blue_3;chicken,
2_BAM;2_BAM;4_BAM;5_BAM;7_BAM;9_BAM;1_CHAR;3_CHAR;3_CHAR;6_CHAR;1_DOT;7_DOT;EAST;GREEN,,,
4_BAM;4_BAM;5_BAM;7_BAM;1_CHAR;3_CHAR;9_DOT;NORTH,9_CHAR;9_CHAR;9_CHAR;5_DOT;5_DOT;5_DOT,centipede,
1_BAM;5_BAM;6_BAM;1_CHAR;2_CHAR;2_DOT;2_DOT;6_DOT;7_DOT;7_DOT;8_DOT;SOUTH;WHITE;WHITE,,blue_4,
1_BAM;2_BAM;3_BAM;5_BAM;7_BAM;7_BAM;9_BAM;5_CHAR;6_CHAR;7_CHAR;4_DOT;8_DOT;NORTH;GREEN,,red_3,
1_BAM;2_BAM;4_BAM;5_BAM;5_BAM;6_BAM;6_CHAR;6_CHAR;8_CHAR;2_DOT;2_DOT;3_DOT;8_DOT;GREEN,,blue_4,
7_BAM;8_BAM;9_BAM;5_CHAR;7_CHAR;3_DOT;5_DOT;8_DOT;8_DOT;9_DOT;EAST,6_DOT;6_DOT;6_DOT,,
2_BAM;5_BAM;6_BAM;2_CHAR;3_CHAR;5_CHAR;6_CHAR;6_CHAR;2_DOT;5_DOT;6_DOT;7_DOT;7_DOT;SOUTH,,,
3_BAM;7_BAM;8_BAM;9_BAM;5_CHAR;4_DOT;6_DOT;9_DOT;NORTH;RED;GREEN,5_DOT;6_DOT;7_DOT,,
3_BAM;4_BAM;9_BAM;3_CHAR;4_DOT;4_DOT;7_DOT;SOUTH,3_BAM;4_BAM;5_BAM;1_DOT;2_DOT;3_DOT,,
7_BAM;9_BAM;7_CHAR;1_DOT;2_DOT;5_DOT;8_DOT;EAST,5_CHAR;5_CHAR;5_CHAR;6_CHAR;7_CHAR;8_CHAR,blue_2;red_4,
3_BAM;6_BAM;2_CHAR;2_CHAR;3_CHAR;3_CHAR;9_CHAR;EAST;EAST;EAST;WEST;NORTH;WHITE;WHITE,,,
1_BAM;3_BAM;9_BAM;2_CHAR;3_CHAR;5_CHAR;7_CHAR;SOUTH;WEST;RED;WHITE,3_DOT;3_DOT;3_DOT,,
1_BAM;3_BAM;6_BAM;8_BAM;1_CHAR;1_CHAR;3_CHAR;8_CHAR;2_DOT;WHITE;WHITE,6_CHAR;6_CHAR;6_CHAR,chicken,
1_BAM;5_BAM;9_BAM;1_CHAR;5_CHAR;6_CHAR;9_CHAR;1_DOT;2_DOT;8_DOT;EAST,4_CHAR;5_CHAR;6_CHAR,,
5_BAM;7_BAM;6_CHAR;7_DOT;SOUTH;WEST;NORTH;GREEN,3_BAM;3_BAM;3_BAM;GREEN;GREEN;GREEN,,
4_BAM;5_BAM;7_BAM;8_BAM;3_CHAR;3_CHAR;3_CHAR;6_CHAR;8_CHAR;8_CHAR;7_DOT;EAST;WEST;RED,,blue_1,
1_BAM;5_BAM;5_BAM;7_BAM;7_CHAR;2_DOT;4_DOT;6_DOT;RED;RED;WHITE,6_DOT;6_DOT;6_DOT,,
3_BAM;6_BAM;1_CHAR;6_CHAR;6_CHAR;7_CHAR;2_DOT;3_DOT;5_DOT;NORTH;RED,6_DOT;7_DOT;8_DOT,red_3;centipede,
3_BAM;4_BAM;1_CHAR;7_CHAR;8_CHAR;6_DOT;6_DOT;EAST;SOUTH;WEST;NORTH,3_BAM;3_BAM;3_BAM,,
1_BAM;1_CHAR;5_CHAR;7_CHAR;8_CHAR;2_DOT;4_DOT;4_DOT;9_DOT;NORTH;GREEN,EAST;EAST;EAST,blue_4;rat,
3_BAM;9_CHAR;1_DOT;2_DOT;6_DOT;7_DOT;NORTH;GREEN,4_DOT;4_DOT;4_DOT;3_BAM;4_BAM;5_BAM,,
2_BAM;2_BAM;3_BAM;7_BAM;1_CHAR;7_CHAR;9_CHAR;9_DOT;EAST;SOUTH;SOUTH;GREEN;GREEN;WHITE,,red_4;red_3,
2_BAM;3_BAM;4_BAM;4_BAM;8_BAM;7_CHAR;3_DOT;4_DOT;NORTH;GREEN;GREEN,3_BAM;3_BAM;3_BAM,,
2_CHAR;2_CHAR;6_CHAR;3_DOT;9_DOT;GREEN;GREEN;WHITE,SOUTH;SOUTH;SOUTH;7_DOT;7_DOT;7_DOT,,
7_BAM;1_CHAR;1_CHAR;2_CHAR;3_CHAR;8_CHAR;3_DOT;GREEN,1_BAM;2_BAM;3_BAM;9_CHAR;9_CHAR;9_CHAR,red_4,
2_BAM;2_CHAR;2_CHAR;8_CHAR;2_DOT;3_DOT;EAST;NORTH,1_BAM;1_BAM;1_BAM;3_CHAR;4_CHAR;5_CHAR,rat;cat,
1_BAM;2_BAM;2_BAM;3_BAM;1_CHAR;3_CHAR;4_CHAR;5_DOT;9_DOT;RED;GREEN,5_BAM;6_BAM;7_BAM,,
1_BAM;2_BAM;8_CHAR;4_DOT;5_DOT;9_DOT;NORTH;NORTH,5_BAM;6_BAM;7_BAM;6_BAM;7_BAM;8_BAM,,
5_BAM;8_BAM;1_CHAR;1_DOT;2_DOT;4_DOT;4_DOT;7_DOT;8_DOT;9_DOT;EAST;WHITE;WHITE;WHITE,,blue_3,
2_BAM;2_BAM;4_BAM;9_BAM;3_CHAR;5_CHAR;8_CHAR;2_DOT;3_DOT;4_DOT;5_DOT;6_DOT;NORTH;RED,,blue_4;blue_1,
5_BAM;9_CHAR;2_DOT;4_DOT;6_DOT;6_DOT;RED;GREEN,1_DOT;1_DOT;1_DOT;1_DOT;2_DOT;3_DOT,,
3_BAM;3_BAM;3_BAM;6_BAM;5_CHAR;6_CHAR;6_CHAR;1_DOT;2_DOT;3_DOT;6_DOT;7_DOT;WEST;RED,,,
3_BAM;5_BAM;9_BAM;2_CHAR;3_CHAR;5_CHAR;8_CHAR;6_DOT,GREEN;GREEN;GREEN;8_CHAR;8_CHAR;8_CHAR,blue_2;red_2,
1_BAM;8_BAM;2_CHAR;3_CHAR;6_CHAR;1_DOT;2_DOT;3_DOT;6_DOT;6_DOT;8_DOT;8_DOT;SOUTH;GREEN,,,
3_BAM;8_BAM;9_BAM;2_CHAR;3_CHAR;5_CHAR;9_CHAR;5_DOT;5_DOT;WEST;WEST;GREEN;GREEN;WHITE,,,
4_BAM;9_BAM;3_CHAR;5_CHAR;1_DOT;6_DOT;6_DOT;EAST;SOUTH;WEST;GREEN,2_BAM;3_BAM;4_BAM,,
7_BAM;4_CHAR;3_DOT;5_DOT;5_DOT;EAST;EAST;NORTH,3_BAM;4_BAM;5_BAM;4_CHAR;5_CHAR;6_CHAR,,
3_BAM;4_BAM;4_CHAR;7_CHAR;9_CHAR;1_DOT;4_DOT;8_DOT,8_CHAR;8_CHAR;8_CHAR;7_CHAR;7_CHAR;7_CHAR,,
5_BAM;5_BAM;7_BAM;1_CHAR;9_CHAR;7_DOT;8_DOT;WHITE,GREEN;GREEN;GREEN;8_CHAR;8_CHAR;8_CHAR,red_4,
3_BAM;2_CHAR;3_CHAR;3_CHAR;8_CHAR;2_DOT;5_DOT;6_DOT;6_DOT;9_DOT;SOUTH;WEST;NORTH;GREEN,,,
1_BAM;1_BAM;5_BAM;6_BAM;6_CHAR;8_CHAR;2_DOT;6_DOT;7_DOT;RED;RED,2_DOT;2_DOT;2_DOT,,
4_BAM;7_BAM;7_BAM;8_BAM;8_BAM;1_CHAR;3_CHAR;5_CHAR,3_CHAR;3_CHAR;3_CHAR;9_BAM;9_BAM;9_BAM,blue_2;blue_1,
9_BAM;2_CHAR;4_CHAR;5_CHAR;5_CHAR;6_CHAR;6_CHAR;3_DOT;3_DOT;3_DOT;4_DOT;5_DOT;6_DOT;EAST,,blue_1,
3_BAM;5_BAM;3_CHAR;4_CHAR;8_CHAR;6_DOT;WEST;NORTH;WHITE;WHITE;WHITE,9_BAM;9_BAM;9_BAM,,
4_BAM;6_BAM;8_BAM;6_CHAR;9_CHAR;6_DOT;EAST;NORTH,5_BAM;5_BAM;5_BAM;4_CHAR;4_CHAR;4_CHAR,cat;red_1,
1_BAM;3_BAM;4_BAM;6_BAM;8_BAM;4_CHAR;5_CHAR;8_CHAR;9_CHAR;2_DOT;2_DOT;7_DOT;NORTH;NORTH,,red_1,
7_BAM;1_CHAR;4_CHAR;7_CHAR;8_CHAR;9_CHAR;9_CHAR;9_CHAR;4_DOT;4_DOT;4_DOT;4_DOT;6_DOT;7_DOT,,blue_4;chicken,
5_BAM;2_CHAR;2_CHAR;5_CHAR;8_CHAR;3_DOT;6_DOT;WEST,5_BAM;6_BAM;7_BAM;1_CHAR;2_CHAR;3_CHAR,red_3;blue_1,
2_BAM;9_BAM;9_BAM;9_BAM;1_CHAR;4_DOT;5_DOT;5_DOT;6_DOT;WEST;WHITE,7_CHAR;8_CHAR;9_CHAR,blue_2,
1_BAM;3_BAM;1_CHAR;3_CHAR;8_CHAR;8_CHAR;6_DOT;WHITE,7_DOT;8_DOT;9_DOT;7_DOT;7_DOT;7_DOT,red_1,
1_BAM;4_BAM;5_BAM;8_BAM;7_CHAR;8_CHAR;5_DOT;7_DOT;8_DOT;NORTH;GREEN,7_CHAR;7_CHAR;7_CHAR,chicken,
1_BAM;7_BAM;9_BAM;5_CHAR;6_CHAR;9_DOT;NORTH;RED,5_CHAR;6_CHAR;7_CHAR;6_DOT;6_DOT;6_DOT,,
1_BAM;2_BAM;6_BAM;2_CHAR;4_CHAR;4_CHAR;1_DOT;3_DOT;7_DOT;7_DOT;9_DOT;NORTH;GREEN;GREEN,,chicken;blue_3,
1_BAM;1_BAM;6_BAM;8_BAM;7_CHAR;8_CHAR;2_DOT;3_DOT;7_DOT;9_DOT;WEST,7_CHAR;7_CHAR;7_CHAR,chicken;blue_3,
1_CHAR;2_CHAR;4_CHAR;6_CHAR;9_CHAR;4_DOT;9_DOT;9_DOT,7_BAM;7_BAM;7_BAM;5_CHAR;6_CHAR;7_CHAR,,
4_BAM;6_BAM;9_BAM;5_CHAR;8_CHAR;9_CHAR;9_CHAR;3_DOT;6_DOT;6_DOT;WEST;RED;RED;WHITE,,,
5_CHAR;8_CHAR;8_CHAR;5_DOT;6_DOT;7_DOT;SOUTH;NORTH,5_DOT;5_DOT;5_DOT;6_CHAR;7_CHAR;8_CHAR,red_1,
1_BAM;3_BAM;4_BAM;8_BAM;9_BAM;6_CHAR;8_CHAR;8_CHAR;2_DOT;4_DOT;WHITE,4_DOT;5_DOT;6_DOT,red_2,
1_BAM;3_BAM;4_BAM;6_BAM;8_BAM;9_BAM;3_CHAR;5_CHAR;3_DOT;6_DOT;WHITE,2_BAM;2_BAM;2_BAM,red_2,
1_BAM;4_BAM;2_CHAR;3_DOT;3_DOT;5_DOT;8_DOT;8_DOT,4_DOT;5_DOT;6_DOT;4_DOT;4_DOT;4_DOT,red_1,
2_BAM;4_BAM;2_CHAR;2_CHAR;3_CHAR;3_CHAR;6_CHAR;2_DOT;4_DOT;9_DOT;NORTH,7_BAM;8_BAM;9_BAM,,
1_BAM;1_BAM;4_BAM;4_BAM;5_BAM;6_BAM;8_BAM;8_BAM;5_CHAR;9_CHAR;1_DOT;5_DOT;5_DOT;SOUTH,,,
8_BAM;5_CHAR;9_CHAR;3_DOT;6_DOT;SOUTH;NORTH;GREEN,SOUTH;SOUTH;SOUTH;1_CHAR;1_CHAR;1_CHAR,,
3_BAM;6_BAM;1_CHAR;6_CHAR;7_CHAR;8_DOT;SOUTH;GREEN,4_BAM;4_BAM;4_BAM;1_DOT;2_DOT;3_DOT,,
7_BAM;8_CHAR;3_DOT;5_DOT;8_DOT;8_DOT;9_DOT;WEST,5_CHAR;6_CHAR;7_CHAR;1_DOT;2_DOT;3_DOT,,
3_BAM;7_BAM;8_BAM;1_CHAR;1_CHAR;6_CHAR;6_CHAR;7_CHAR;8_CHAR;4_DOT;9_DOT;NORTH;RED;GREEN,,blue_1,
1_BAM;1_BAM;4_BAM;6_BAM;7_BAM;8_BAM;1_CHAR;6_CHAR;3_DOT;8_DOT;RED,1_DOT;2_DOT;3_DOT,,
9_BAM;9_BAM;4_CHAR;6_DOT;9_DOT;WEST;NORTH;WHITE,4_CHAR;5_CHAR;6_CHAR;6_DOT;6_DOT;6_DOT,blue_3;blue_4,
2_BAM;3_BAM;4_CHAR;8_CHAR;2_DOT;5_DOT;6_DOT;8_DOT;GREEN;GREEN;WHITE,7_CHAR;8_CHAR;9_CHAR,red_2;blue_3,
1_BAM;3_BAM;7_BAM;1_CHAR;7_CHAR;2_DOT;5_DOT;6_DOT;6_DOT;6_DOT;8_DOT,5_DOT;6_DOT;7_DOT,,
1_BAM;2_BAM;9_BAM;1_DOT;2_DOT;4_DOT;5_DOT;EAST,3_DOT;3_DOT;3_DOT;7_CHAR;8_CHAR;9_CHAR,,
2_BAM;2_CHAR;8_CHAR;9_CHAR;3_DOT;9_DOT;SOUTH;RED,7_BAM;7_BAM;7_BAM;2_CHAR;3_CHAR;4_CHAR,,
9_BAM;7_CHAR;8_DOT;EAST;SOUTH;WEST;NORTH;RED,7_DOT;8_DOT;9_DOT;SOUTH;SOUTH;SOUTH,,
2_BAM;6_BAM;3_CHAR;4_CHAR;8_CHAR;3_DOT;SOUTH;NORTH,7_BAM;8_BAM;9_BAM;3_CHAR;4_CHAR;5_CHAR,,
2_BAM;4_BAM;7_BAM;8_BAM;4_CHAR;6_CHAR;8_CHAR;9_CHAR;9_DOT;SOUTH;GREEN,1_BAM;2_BAM;3_BAM,red_2,
1_BAM;4_BAM;6_BAM;8_BAM;4_CHAR;4_CHAR;9_CHAR;3_DOT;WEST;GREEN;WHITE,7_CHAR;8_CHAR;9_CHAR,chicken,
2_BAM;3_BAM;4_BAM;6_BAM;9_BAM;8_CHAR;9_CHAR;6_DOT,7_CHAR;8_CHAR;9_CHAR;1_DOT;1_DOT;1_DOT,blue_4;centipede,
1_BAM;2_BAM;3_BAM;6_BAM;1_CHAR;1_CHAR;2_CHAR;3_CHAR;8_CHAR;9_CHAR;2_DOT;EAST;EAST;GREEN,,rat;red_4,
1_BAM;2_BAM;7_BAM;9_BAM;2_CHAR;5_CHAR;7_CHAR;9_CHAR;5_DOT;6_DOT;EAST;WEST;NORTH;WHITE,,,
5_BAM;5_BAM;1_CHAR;4_CHAR;5_CHAR;5_CHAR;6_CHAR;6_CHAR;8_CHAR;1_DOT;3_DOT,2_CHAR;2_CHAR;2_CHAR,,
2_BAM;5_BAM;3_CHAR;5_CHAR;9_CHAR;5_DOT;7_DOT;7_DOT;8_DOT;NORTH;WHITE,6_BAM;7_BAM;8_BAM,centipede;chicken,
7_BAM;7_BAM;1_CHAR;1_CHAR;3_CHAR;5_CHAR;1_DOT;5_DOT,1_DOT;2_DOT;3_DOT;4_BAM;5_BAM;6_BAM,centipede,
1_BAM;3_BAM;5_BAM;7_BAM;3_CHAR;4_CHAR;5_CHAR;6_DOT;8_DOT;9_DOT;WEST,1_BAM;2_BAM;3_BAM,red_4;rat,
1_BAM;6_BAM;9_BAM;9_BAM;2_CHAR;5_CHAR;1_DOT;3_DOT;3_DOT;4_DOT;5_DOT;6_DOT;6_DOT;SOUTH,,,
3_BAM;7_BAM;7_BAM;2_CHAR;4_CHAR;9_CHAR;2_DOT;3_DOT;6_DOT;6_DOT;8_DOT;9_DOT;WEST;GREEN,,blue_2;red_2,
4_BAM;4_BAM;8_BAM;1_CHAR;6_CHAR;1_DOT;2_DOT;7_DOT,6_BAM;7_BAM;8_BAM;3_CHAR;3_CHAR;3_CHAR,blue_1,
1_BAM;2_BAM;2_BAM;5_BAM;6_BAM;7_BAM;7_BAM;2_CHAR;3_CHAR;5_DOT;5_DOT;6_DOT;7_DOT;9_DOT,,chicken,
3_BAM;6_BAM;8_BAM;1_CHAR;2_CHAR;4_CHAR;7_CHAR;9_CHAR;1_DOT;2_DOT;9_DOT,6_DOT;6_DOT;6_DOT,blue_3;red_3,
2_BAM;3_BAM;6_BAM;7_BAM;7_CHAR;8_CHAR;9_CHAR;2_DOT;9_DOT;RED;GREEN,3_CHAR;3_CHAR;3_CHAR,,
6_BAM;3_CHAR;6_CHAR;1_DOT;3_DOT;4_DOT;7_DOT;RED,5_BAM;6_BAM;7_BAM;7_BAM;8_BAM;9_BAM,red_2,
1_BAM;4_BAM;4_DOT;8_DOT;8_DOT;EAST;NORTH;WHITE,2_DOT;3_DOT;4_DOT;4_CHAR;4_CHAR;4_CHAR,chicken;red_4,
2_BAM;6_BAM;2_CHAR;3_CHAR;7_CHAR;3_DOT;5_DOT;EAST,9_BAM;9_BAM;9_BAM;5_DOT;5_DOT;5_DOT,blue_3;cat,
2_BAM;5_BAM;6_BAM;5_CHAR;5_CHAR;2_DOT;4_DOT;6_DOT,3_BAM;3_BAM;3_BAM;1_DOT;2_DOT;3_DOT,centipede;cat,
1_BAM;7_BAM;1_CHAR;4_CHAR;5_CHAR;5_CHAR;2_DOT;3_DOT;4_DOT;4_DOT;9_DOT,3_CHAR;4_CHAR;5_CHAR,blue_3,
1_BAM;2_CHAR;2_CHAR;5_CHAR;5_CHAR;4_DOT;6_DOT;9_DOT;EAST;EAST;GREEN,GREEN;GREEN;GREEN,,
4_BAM;8_BAM;9_BAM;2_CHAR;4_CHAR;9_CHAR;5_DOT;7_DOT;9_DOT;EAST;WEST;NORTH;GREEN;GREEN,,,
1_BAM;4_BAM;1_CHAR;2_CHAR;6_CHAR;7_DOT;9_DOT;NORTH,6_DOT;6_DOT;6_DOT;7_BAM;7_BAM;7_BAM,,
5_BAM;6_BAM;2_CHAR;2_CHAR;9_CHAR;1_DOT;EAST;SOUTH;NORTH;RED;GREEN,5_CHAR;6_CHAR;7_CHAR,red_3;centipede,
3_BAM;6_BAM;8_BAM;4_CHAR;5_CHAR;2_DOT;5_DOT;6_DOT;9_DOT;RED;GREEN,3_CHAR;4_CHAR;5_CHAR,blue_3;red_3,
1_BAM;1_BAM;6_BAM;8_BAM;8_BAM;1_CHAR;1_CHAR;4_CHAR;5_CHAR;3_DOT;4_DOT;8_DOT;RED;WHITE,,centipede;blue_3,
3_BAM;5_BAM;7_BAM;9_BAM;1_CHAR;3_CHAR;3_CHAR;4_CHAR;6_CHAR;8_DOT;EAST;RED;WHITE;WHITE,,blue_3,
1_BAM;2_BAM;3_BAM;5_BAM;5_BAM;5_CHAR;6_CHAR;6_CHAR;9_CHAR;7_DOT;9_DOT,4_DOT;5_DOT;6_DOT,,
1_BAM;4_BAM;8_BAM;9_BAM;1_CHAR;3_CHAR;4_CHAR;5_CHAR;7_CHAR;8_CHAR;8_CHAR;7_DOT;8_DOT;NORTH,,chicken,
3_BAM;5_BAM;5_BAM;7_BAM;9_BAM;2_CHAR;3_CHAR;5_CHAR;6_CHAR;9_CHAR;6_DOT;8_DOT;EAST;RED,,blue_1,
2_BAM;4_BAM;7_BAM;8_BAM;2_CHAR;5_CHAR;5_CHAR;5_CHAR;9_DOT;SOUTH;GREEN,2_DOT;2_DOT;2_DOT,chicken,
2_BAM;6_BAM;3_CHAR;5_DOT;WEST;NORTH;GREEN;WHITE,7_BAM;8_BAM;9_BAM;2_BAM;3_BAM;4_BAM,red_4;red_2,
3_BAM;7_BAM;9_BAM;3_CHAR;5_CHAR;1_DOT;2_DOT;4_DOT;7_DOT;9_DOT;9_DOT;9_DOT;NORTH;GREEN,,red_4;chicken,
2_BAM;2_BAM;6_BAM;3_CHAR;5_CHAR;5_CHAR;6_CHAR;8_CHAR;8_CHAR;9_CHAR;9_DOT;EAST;WEST;WHITE,,centipede;red_4,
2_BAM;3_BAM;9_BAM;9_BAM;2_CHAR;3_CHAR;7_DOT;EAST;SOUTH;WEST;WHITE,1_DOT;1_DOT;1_DOT,blue_4,
5_BAM;9_BAM;4_CHAR;8_CHAR;9_CHAR;3_DOT;4_DOT;EAST,3_CHAR;4_CHAR;5_CHAR;5_DOT;5_DOT;5_DOT,red_2,
4_BAM;6_BAM;6_BAM;1_CHAR;2_CHAR;2_CHAR;5_CHAR;4_DOT;9_DOT;WEST;WEST,3_CHAR;4_CHAR;5_CHAR,rat,
2_BAM;3_BAM;8_BAM;3_CHAR;3_CHAR;5_CHAR;4_DOT;8_DOT;SOUTH;SOUTH;GREEN,RED;RED;RED,blue_4,
3_BAM;7_CHAR;7_CHAR;8_CHAR;9_CHAR;1_DOT;EAST;NORTH,7_DOT;8_DOT;9_DOT;1_BAM;1_BAM;1_BAM,blue_3,
4_BAM;7_BAM;8_BAM;9_BAM;1_CHAR;4_CHAR;9_CHAR;1_DOT;2_DOT;4_DOT;8_DOT;SOUTH;NORTH;RED,,red_1,
1_BAM;1_BAM;8_BAM;8_BAM;5_CHAR;9_CHAR;2_DOT;8_DOT;EAST;SOUTH;NORTH,SOUTH;SOUTH;SOUTH,cat,
4_BAM;6_BAM;6_BAM;8_BAM;3_CHAR;8_DOT;9_DOT;EAST;SOUTH;WEST;GREEN;GREEN;WHITE;WHITE,,,
3_BAM;6_BAM;6_BAM;1_CHAR;1_CHAR;4_CHAR;8_CHAR;4_DOT;RED;RED;GREEN,9_DOT;9_DOT;9_DOT,cat,
4_BAM;4_BAM;6_BAM;7_BAM;3_CHAR;7_CHAR;8_CHAR;1_DOT;4_DOT;5_DOT;9_DOT;NORTH;NORTH;WHITE,,blue_4;centipede,
5_BAM;7_BAM;7_CHAR;7_CHAR;7_DOT;SOUTH;GREEN;WHITE,5_DOT;5_DOT;5_DOT;1_DOT;2_DOT;3_DOT,blue_3,
4_BAM;6_BAM;1_CHAR;4_CHAR;5_CHAR;8_CHAR;8_CHAR;9_CHAR;4_DOT;6_DOT;7_DOT;7_DOT;9_DOT;SOUTH,,red_1;rat,
3_BAM;6_BAM;7_BAM;9_BAM;3_CHAR;5_CHAR;8_CHAR;8_CHAR;9_CHAR;EAST;GREEN,GREEN;GREEN;GREEN,red_1,
2_BAM;5_BAM;9_BAM;2_CHAR;3_CHAR;4_CHAR;5_DOT;9_DOT,NORTH;NORTH;NORTH;5_CHAR;5_CHAR;5_CHAR,chicken;blue_4,
5_BAM;9_BAM;1_CHAR;2_CHAR;5_CHAR;9_CHAR;NORTH;GREEN,1_DOT;2_DOT;3_DOT;3_BAM;4_BAM;5_BAM,,
2_BAM;6_BAM;5_CHAR;8_CHAR;1_DOT;3_DOT;3_DOT;4_DOT;6_DOT;7_DOT;8_DOT;WEST;GREEN;GREEN,,,
9_BAM;2_CHAR;3_CHAR;3_CHAR;4_CHAR;4_CHAR;4_CHAR;5_CHAR;6_CHAR;7_CHAR;8_CHAR;2_DOT;6_DOT;7_DOT,,blue_3;cat,
9_BAM;1_CHAR;1_CHAR;2_CHAR;2_CHAR;5_CHAR;7_CHAR;9_CHAR;1_DOT;9_DOT;9_DOT,4_DOT;5_DOT;6_DOT,blue_3;red_4,
7_BAM;8_BAM;3_CHAR;4_CHAR;4_CHAR;4_CHAR;1_DOT;4_DOT;4_DOT;8_DOT;SOUTH;NORTH;GREEN;WHITE,,red_2;red_1,
2_BAM;3_CHAR;3_CHAR;1_DOT;2_DOT;EAST;SOUTH;WHITE,1_CHAR;2_CHAR;3_CHAR;4_BAM;4_BAM;4_BAM,rat,
1_BAM;2_BAM;4_BAM;5_BAM;8_BAM;2_CHAR;3_CHAR;7_CHAR;8_CHAR;4_DOT;4_DOT;WEST;WEST;WHITE,,red_2,
3_BAM;5_CHAR;6_CHAR;8_CHAR;2_DOT;4_DOT;5_DOT;8_DOT;RED;RED;WHITE,5_DOT;6_DOT;7_DOT,centipede;red_4,
4_BAM;5_BAM;3_CHAR;6_CHAR;2_DOT;5_DOT;8_DOT;SOUTH;WEST;RED;RED,1_CHAR;1_CHAR;1_CHAR,,
2_BAM;6_BAM;3_CHAR;5_CHAR;6_CHAR;9_CHAR;9_CHAR;2_DOT;NORTH;GREEN;WHITE,EAST;EAST;EAST,,
2_BAM;6_BAM;8_BAM;9_BAM;1_CHAR;1_CHAR;6_CHAR;1_DOT;1_DOT;3_DOT;7_DOT;9_DOT;WEST;GREEN,,,
1_BAM;9_BAM;5_CHAR;2_DOT;4_DOT;7_DOT;SOUTH;WEST,WEST;WEST;WEST;1_BAM;1_BAM;1_BAM,red_2;red_1,
3_BAM;8_BAM;9_BAM;1_CHAR;1_CHAR;4_DOT;5_DOT;9_DOT;9_DOT;NORTH;NORTH,7_DOT;8_DOT;9_DOT,red_1,
2_BAM;3_BAM;9_BAM;5_CHAR;9_CHAR;9_CHAR;8_DOT;WEST,3_BAM;3_BAM;3_BAM;NORTH;NORTH;NORTH,chicken,
3_BAM;5_BAM;6_BAM;8_BAM;9_BAM;1_CHAR;9_CHAR;9_DOT;SOUTH;WEST;RED;RED;GREEN;WHITE,,red_4;cat,
8_BAM;8_BAM;8_CHAR;2_DOT;2_DOT;WEST;RED;WHITE,5_BAM;6_BAM;7_BAM;4_DOT;5_DOT;6_DOT,red_2,
2_BAM;4_BAM;4_BAM;5_BAM;7_BAM;2_CHAR;6_CHAR;1_DOT;1_DOT;6_DOT;8_DOT;NORTH;GREEN;WHITE,,,
4_BAM;7_BAM;7_BAM;9_BAM;2_CHAR;5_CHAR;5_CHAR;8_CHAR;5_DOT;6_DOT;EAST;NORTH;NORTH;GREEN,,red_1,
8_BAM;9_BAM;3_CHAR;6_CHAR;8_CHAR;8_DOT;8_DOT;SOUTH;RED;RED;GREEN,6_CHAR;7_CHAR;8_CHAR,cat,
1_BAM;4_BAM;9_BAM;1_DOT;4_DOT;5_DOT;5_DOT;9_DOT,2_CHAR;3_CHAR;4_CHAR;7_CHAR;8_CHAR;9_CHAR,red_1;blue_1,
7_BAM;1_CHAR;5_CHAR;6_CHAR;2_DOT;7_DOT;SOUTH;GREEN,6_BAM;6_BAM;6_BAM;2_DOT;3_DOT;4_DOT,red_2;red_4,
1_BAM;1_BAM;4_BAM;7_BAM;1_CHAR;6_DOT;9_DOT;RED,2_CHAR;2_CHAR;2_CHAR;6_DOT;7_DOT;8_DOT,,
1_BAM;3_BAM;7_BAM;3_CHAR;6_CHAR;7_CHAR;6_DOT;EAST;WEST;NORTH;RED,9_BAM;9_BAM;9_BAM,centipede,
2_BAM;4_CHAR;5_CHAR;5_CHAR;5_CHAR;8_CHAR;6_DOT;8_DOT;9_DOT;9_DOT;EAST;WEST;WHITE;WHITE,,red_4;cat,
1_BAM;2_BAM;6_BAM;4_CHAR;6_CHAR;8_CHAR;8_CHAR;9_CHAR;4_DOT;4_DOT;WEST,7_DOT;8_DOT;9_DOT,red_2;chicken,
1_CHAR;2_CHAR;2_DOT;3_DOT;4_DOT;5_DOT;SOUTH;WHITE,1_CHAR;2_CHAR;3_CHAR;5_BAM;6_BAM;7_BAM,red_3;chicken,
2_BAM;4_BAM;4_BAM;1_CHAR;7_CHAR;8_CHAR;4_DOT;8_DOT;SOUTH;GREEN;WHITE,7_DOT;8_DOT;9_DOT,,
2_BAM;4_BAM;6_BAM;2_CHAR;2_CHAR;5_CHAR;7_CHAR;7_CHAR;7_CHAR;9_CHAR;9_CHAR;2_DOT;8_DOT;RED,,centipede,
3_BAM;5_BAM;3_CHAR;5_CHAR;7_CHAR;9_CHAR;1_DOT;3_DOT;6_DOT;9_DOT;WEST,2_CHAR;3_CHAR;4_CHAR,red_1;blue_2,
2_BAM;5_BAM;5_BAM;8_BAM;5_CHAR;8_CHAR;8_CHAR;1_DOT;5_DOT;6_DOT;RED,4_BAM;4_BAM;4_BAM,blue_3;blue_4,
3_BAM;4_BAM;1_CHAR;4_CHAR;5_CHAR;6_CHAR;9_CHAR;2_DOT;EAST;SOUTH;SOUTH;WEST;GREEN;WHITE,,red_4;red_1,
1_BAM;3_CHAR;6_CHAR;8_CHAR;9_CHAR;1_DOT;RED;GREEN,2_CHAR;2_CHAR;2_CHAR;3_DOT;3_DOT;3_DOT,blue_1;red_1,
6_BAM;8_BAM;2_CHAR;2_CHAR;5_CHAR;8_CHAR;3_DOT;5_DOT;8_DOT;SOUTH;GREEN,2_DOT;2_DOT;2_DOT,,
1_BAM;2_BAM;3_BAM;5_BAM;8_BAM;9_BAM;4_CHAR;8_CHAR;6_DOT;SOUTH;WEST;WEST;NORTH;NORTH,,,
4_BAM;5_BAM;7_BAM;8_BAM;8_CHAR;6_DOT;SOUTH;RED,2_CHAR;2_CHAR;2_CHAR;4_BAM;4_BAM;4_BAM,red_4,
3_BAM;7_BAM;3_CHAR;4_CHAR;5_DOT;6_DOT;8_DOT;EAST;SOUTH;NORTH;NORTH,2_BAM;3_BAM;4_BAM,centipede,
4_BAM;6_BAM;6_BAM;9_BAM;9_BAM;6_CHAR;5_DOT;6_DOT;7_DOT;WEST;RED,4_BAM;4_BAM;4_BAM,blue_2,
6_BAM;7_BAM;8_BAM;9_BAM;3_CHAR;4_CHAR;7_CHAR;9_CHAR;4_DOT;EAST;SOUTH;WEST;NORTH;RED,,blue_3;red_3,
1_BAM;2_BAM;3_BAM;5_BAM;7_BAM;8_BAM;8_BAM;6_CHAR;6_DOT;8_DOT;8_DOT,7_CHAR;8_CHAR;9_CHAR,,
2_CHAR;4_CHAR;9_CHAR;1_DOT;3_DOT;3_DOT;3_DOT;8_DOT;8_DOT;8_DOT;EAST;EAST;SOUTH;NORTH,,,
4_BAM;4_BAM;7_BAM;1_CHAR;1_CHAR;3_CHAR;4_CHAR;5_CHAR;7_CHAR;9_CHAR;4_DOT;8_DOT;9_DOT;9_DOT,,red_2;blue_4,
8_BAM;2_CHAR;2_CHAR;3_CHAR;5_CHAR;2_DOT;4_DOT;8_DOT;EAST;SOUTH;NORTH;GREEN;GREEN;GREEN,,,
2_BAM;4_BAM;6_CHAR;9_CHAR;5_DOT;6_DOT;9_DOT;GREEN,3_BAM;3_BAM;3_BAM;6_CHAR;7_CHAR;8_CHAR,,
3_BAM;3_BAM;3_BAM;6_BAM;8_BAM;4_CHAR;5_CHAR;6_CHAR;6_DOT;EAST;WEST,WHITE;WHITE;WHITE,rat,
1_BAM;2_BAM;5_BAM;3_CHAR;8_CHAR;9_CHAR;1_DOT;3_DOT,3_BAM;3_BAM;3_BAM;1_DOT;2_DOT;3_DOT,rat,
1_BAM;9_BAM;1_CHAR;4_CHAR;5_CHAR;6_CHAR;5_DOT;5_DOT;6_DOT;7_DOT;SOUTH;GREEN;WHITE;WHITE,,rat;red_3,
6_BAM;5_CHAR;7_CHAR;9_CHAR;6_DOT;9_DOT;EAST;EAST;WEST;WEST;WHITE,3_CHAR;4_CHAR;5_CHAR,,
1_BAM;5_BAM;8_BAM;5_CHAR;9_CHAR;2_DOT;5_DOT;6_DOT;7_DOT;7_DOT;SOUTH;WEST;RED;RED,,red_3;blue_2,
7_BAM;2_CHAR;5_CHAR;7_CHAR;7_CHAR;1_DOT;2_DOT;2_DOT;3_DOT;4_DOT;9_DOT;9_DOT;9_DOT;GREEN,,red_1;centipede,
4_BAM;4_BAM;6_BAM;4_CHAR;5_CHAR;9_CHAR;1_DOT;3_DOT;3_DOT;WEST;GREEN,2_BAM;2_BAM;2_BAM,,
9_CHAR;2_DOT;2_DOT;3_DOT;4_DOT;4_DOT;EAST;WHITE,1_DOT;2_DOT;3_DOT;WEST;WEST;WEST,,
4_BAM;9_BAM;9_BAM;4_DOT;5_DOT;6_DOT;7_DOT;9_DOT;SOUTH;NORTH;NORTH,SOUTH;SOUTH;SOUTH,centipede,
1_DOT;2_DOT;5_DOT;8_DOT;NORTH;GREEN;GREEN;WHITE,3_CHAR;4_CHAR;5_CHAR;4_CHAR;5_CHAR;6_CHAR,,
6_BAM;8_BAM;2_CHAR;3_CHAR;7_CHAR;8_CHAR;2_DOT;2_DOT;5_DOT;7_DOT;8_DOT;WEST;NORTH;WHITE,,,
2_BAM;2_BAM;2_BAM;6_BAM;5_CHAR;8_CHAR;9_CHAR;6_DOT;6_DOT;6_DOT;8_DOT,WEST;WEST;WEST,red_2,
1_BAM;6_BAM;6_BAM;5_CHAR;9_CHAR;4_DOT;5_DOT;8_DOT;8_DOT;9_DOT;SOUTH;WEST;GREEN;WHITE,,,
3_BAM;4_BAM;7_BAM;1_CHAR;1_CHAR;5_CHAR;6_CHAR;9_CHAR;3_DOT;EAST;SOUTH;WEST;WHITE;WHITE,,red_2,
3_BAM;5_BAM;7_CHAR;7_CHAR;7_CHAR;9_CHAR;1_DOT;6_DOT;6_DOT;8_DOT;SOUTH,7_DOT;8_DOT;9_DOT,,
1_BAM;1_BAM;3_BAM;1_CHAR;3_CHAR;5_CHAR;9_DOT;RED,EAST;EAST;EAST;5_DOT;5_DOT;5_DOT,blue_2;blue_4,
4_BAM;5_BAM;6_BAM;3_CHAR;3_CHAR;4_CHAR;9_CHAR;1_DOT;9_DOT;EAST;SOUTH;NORTH;RED;WHITE,,red_3,
1_BAM;3_BAM;7_BAM;9_BAM;4_CHAR;6_CHAR;4_DOT;7_DOT;EAST;WEST;NORTH,WHITE;WHITE;WHITE,chicken;blue_1,
1_BAM;4_BAM;5_BAM;7_BAM;4_CHAR;4_CHAR;5_CHAR;6_CHAR;6_DOT;7_DOT;9_DOT,WEST;WEST;WEST,,
2_BAM;5_BAM;1_CHAR;2_CHAR;3_CHAR;5_CHAR;7_CHAR;EAST,2_DOT;3_DOT;4_DOT;7_CHAR;7_CHAR;7_CHAR,blue_4;blue_2,
4_BAM;4_BAM;9_BAM;1_CHAR;8_CHAR;2_DOT;4_DOT;6_DOT,RED;RED;RED;SOUTH;SOUTH;SOUTH,centipede;red_3,
2_BAM;4_BAM;5_BAM;6_BAM;1_CHAR;6_CHAR;8_CHAR;6_DOT;7_DOT;EAST;NORTH,NORTH;NORTH;NORTH,blue_2;blue_4,
6_BAM;6_BAM;1_CHAR;2_CHAR;2_CHAR;3_CHAR;9_CHAR;9_CHAR;1_DOT;1_DOT;2_DOT;8_DOT;9_DOT;GREEN,,cat;red_3,
1_BAM;4_BAM;5_BAM;4_CHAR;1_DOT;7_DOT;8_DOT;9_DOT;WEST;WEST;WHITE,7_DOT;8_DOT;9_DOT,,
2_BAM;5_BAM;6_BAM;1_CHAR;5_CHAR;6_CHAR;6_CHAR;7_CHAR;8_CHAR;6_DOT;EAST;RED;RED;WHITE,,red_1,
5_BAM;9_BAM;2_CHAR;3_CHAR;4_CHAR;7_CHAR;9_CHAR;2_DOT;2_DOT;2_DOT;6_DOT;6_DOT;SOUTH;GREEN,,blue_1;red_2,
1_BAM;4_BAM;5_BAM;8_BAM;SOUTH;SOUTH;NORTH;RED,5_CHAR;5_CHAR;5_CHAR;4_CHAR;4_CHAR;4_CHAR,,
4_BAM;2_CHAR;4_CHAR;8_CHAR;9_CHAR;6_DOT;8_DOT;NORTH,2_BAM;3_BAM;4_BAM;5_DOT;5_DOT;5_DOT,blue_2,
3_BAM;6_BAM;6_BAM;6_CHAR;9_CHAR;2_DOT;6_DOT;NORTH,5_BAM;5_BAM;5_BAM;4_DOT;4_DOT;4_DOT,,
4_BAM;7_BAM;8_BAM;8_BAM;1_DOT;6_DOT;9_DOT;WEST,4_CHAR;4_CHAR;4_CHAR;7_DOT;8_DOT;9_DOT,,
1_BAM;2_CHAR;3_CHAR;4_CHAR;5_CHAR;1_DOT;1_DOT;1_DOT;6_DOT;8_DOT;RED,4_BAM;5_BAM;6_BAM,,
6_BAM;8_BAM;9_BAM;4_CHAR;4_CHAR;6_CHAR;3_DOT;6_DOT;9_DOT;WEST;NORTH,1_CHAR;1_CHAR;1_CHAR,,
3_BAM;3_BAM;6_BAM;9_BAM;4_CHAR;7_CHAR;5_DOT;6_DOT;7_DOT;WEST;GREEN,8_BAM;8_BAM;8_BAM,blue_2,
4_BAM;5_BAM;6_BAM;7_BAM;1_DOT;7_DOT;EAST;SOUTH;SOUTH;WEST;WEST,7_BAM;8_BAM;9_BAM,,
1_BAM;1_CHAR;9_CHAR;1_DOT;5_DOT;6_DOT;6_DOT;8_DOT;WEST;NORTH;WHITE,6_CHAR;7_CHAR;8_CHAR,,
1_BAM;2_BAM;4_BAM;5_BAM;2_CHAR;4_CHAR;5_CHAR;6_DOT;9_DOT;WEST;NORTH,1_CHAR;1_CHAR;1_CHAR,rat;red_1,
4_BAM;6_BAM;6_BAM;7_BAM;8_BAM;5_CHAR;6_CHAR;9_CHAR;3_DOT;4_DOT;5_DOT;6_DOT;WHITE;WHITE,,,
2_BAM;7_BAM;2_CHAR;3_CHAR;4_CHAR;4_CHAR;3_DOT;4_DOT;7_DOT;7_DOT;7_DOT;7_DOT;EAST;WEST,,blue_4,
4_BAM;4_CHAR;6_CHAR;7_CHAR;7_CHAR;8_CHAR;4_DOT;4_DOT;7_DOT;7_DOT;GREEN,1_DOT;1_DOT;1_DOT,,
3_BAM;3_BAM;4_BAM;4_BAM;9_BAM;8_CHAR;2_DOT;EAST;SOUTH;NORTH;RED,5_CHAR;5_CHAR;5_CHAR,chicken;red_4,
2_BAM;2_BAM;6_BAM;7_BAM;9_BAM;9_CHAR;8_DOT;WHITE,8_CHAR;8_CHAR;8_CHAR;7_DOT;8_DOT;9_DOT,red_3;blue_3,
5_BAM;7_BAM;7_BAM;7_BAM;5_CHAR;6_CHAR;8_CHAR;8_CHAR;3_DOT;3_DOT;7_DOT;8_DOT;SOUTH;RED,,cat;red_3,
6_BAM;6_BAM;4_CHAR;6_CHAR;7_CHAR;8_CHAR;6_DOT;7_DOT;7_DOT;WEST;WHITE,3_DOT;4_DOT;5_DOT,centipede;red_1,
1_BAM;2_BAM;2_BAM;5_BAM;2_CHAR;5_CHAR;5_CHAR;4_DOT;8_DOT;9_DOT;EAST;RED;GREEN;GREEN,,,
2_BAM;5_BAM;2_CHAR;2_CHAR;2_DOT;5_DOT;5_DOT;6_DOT;8_DOT;RED;GREEN,7_CHAR;7_CHAR;7_CHAR,blue_4;blue_1,
2_BAM;6_BAM;7_BAM;8_BAM;3_CHAR;2_DOT;2_DOT;RED,7_BAM;8_BAM;9_BAM;2_BAM;2_BAM;2_BAM,blue_4;blue_3,
1_BAM;9_BAM;3_CHAR;3_CHAR;6_CHAR;8_CHAR;9_CHAR;3_DOT;8_DOT;EAST;EAST;SOUTH;NORTH;GREEN,,red_1;blue_3,
1_BAM;3_CHAR;3_CHAR;4_CHAR;4_CHAR;8_CHAR;1_DOT;8_DOT,5_DOT;6_DOT;7_DOT;4_DOT;5_DOT;6_DOT,,
2_BAM;4_BAM;8_BAM;9_BAM;9_BAM;2_CHAR;9_CHAR;2_DOT;7_DOT;8_DOT;SOUTH;RED;RED;GREEN,,cat;rat,
1_BAM;2_BAM;5_BAM;6_BAM;6_BAM;7_BAM;9_BAM;1_CHAR;6_CHAR;8_CHAR;5_DOT;EAST;RED;RED,,red_2;cat,
9_CHAR;1_DOT;2_DOT;2_DOT;3_DOT;8_DOT;WEST;WHITE,WHITE;WHITE;WHITE;2_BAM;2_BAM;2_BAM,,
6_BAM;8_BAM;3_CHAR;3_CHAR;4_CHAR;6_CHAR;8_CHAR;3_DOT;4_DOT;8_DOT;9_DOT;SOUTH;WEST;NORTH,,rat,
1_BAM;5_BAM;7_BAM;1_CHAR;5_CHAR;6_CHAR;7_CHAR;9_CHAR;9_DOT;SOUTH;RED,1_DOT;1_DOT;1_DOT,red_3,
6_BAM;7_BAM;9_BAM;6_CHAR;1_DOT;3_DOT;7_DOT;7_DOT;SOUTH;WEST;GREEN,8_DOT;8_DOT;8_DOT,,
2_CHAR;2_CHAR;6_CHAR;5_DOT;7_DOT;SOUTH;WEST;RED,2_DOT;2_DOT;2_DOT;9_DOT;9_DOT;9_DOT,cat,
3_BAM;5_BAM;7_BAM;8_CHAR;1_DOT;1_DOT;2_DOT;7_DOT;WEST;RED;WHITE,8_DOT;8_DOT;8_DOT,red_3;cat,
3_BAM;9_BAM;3_CHAR;8_CHAR;1_DOT;7_DOT;EAST;SOUTH,GREEN;GREEN;GREEN;SOUTH;SOUTH;SOUTH,chicken;centipede,
4_BAM;9_BAM;2_CHAR;5_DOT;8_DOT;EAST;EAST;GREEN,NORTH;NORTH;NORTH;3_BAM;4_BAM;5_BAM,red_3;blue_1,
1_BAM;2_BAM;3_BAM;5_BAM;6_BAM;8_BAM;3_CHAR;3_DOT;4_DOT;4_DOT;8_DOT;SOUTH;GREEN;WHITE,,blue_3;red_1,
4_BAM;7_BAM;1_CHAR;3_CHAR;7_CHAR;9_CHAR;3_DOT;7_DOT,4_BAM;4_BAM;4_BAM;2_DOT;3_DOT;4_DOT,,
2_BAM;3_BAM;3_BAM;3_BAM;9_BAM;2_CHAR;3_CHAR;4_DOT;6_DOT;7_DOT;WEST,7_BAM;8_BAM;9_BAM,cat,
4_BAM;9_BAM;2_CHAR;3_CHAR;3_CHAR;4_CHAR;8_CHAR;5_DOT;6_DOT;6_DOT;NORTH;RED;GREEN;GREEN,,red_2;centipede,
6_BAM;6_BAM;1_CHAR;1_CHAR;6_CHAR;1_DOT;2_DOT;4_DOT;5_DOT;6_DOT;7_DOT;9_DOT;WEST;RED,,blue_2,
3_BAM;6_BAM;8_BAM;1_CHAR;1_CHAR;1_CHAR;6_CHAR;8_CHAR;3_DOT;5_DOT;9_DOT;EAST;NORTH;GREEN,,blue_2;blue_4,
4_BAM;4_BAM;5_BAM;9_BAM;2_CHAR;8_CHAR;3_DOT;3_DOT;3_DOT;8_DOT;9_DOT;SOUTH;WHITE;WHITE,,chicken;rat,
5_BAM;1_CHAR;3_CHAR;7_CHAR;8_CHAR;2_DOT;4_DOT;9_DOT;GREEN;GREEN;GREEN,8_DOT;8_DOT;8_DOT,blue_1,
6_BAM;8_BAM;3_CHAR;4_CHAR;4_CHAR;5_CHAR;5_CHAR;8_CHAR;8_CHAR;SOUTH;NORTH,4_DOT;5_DOT;6_DOT,rat;blue_1,
5_BAM;6_BAM;3_CHAR;3_CHAR;1_DOT;4_DOT;5_DOT;WHITE,2_DOT;2_DOT;2_DOT;1_CHAR;2_CHAR;3_CHAR,rat,
2_BAM;5_BAM;8_BAM;8_BAM;9_BAM;9_BAM;1_CHAR;8_CHAR;1_DOT;4_DOT;4_DOT;5_DOT;7_DOT;SOUTH,,,
1_BAM;2_BAM;5_BAM;2_CHAR;4_CHAR;6_DOT;EAST;NORTH,2_DOT;3_DOT;4_DOT;NORTH;NORTH;NORTH,blue_1,
5_BAM;8_BAM;3_CHAR;7_CHAR;9_CHAR;1_DOT;7_DOT;7_DOT;9_DOT;9_DOT;EAST;SOUTH;NORTH;RED,,red_2;cat,
4_BAM;2_CHAR;6_CHAR;9_CHAR;1_DOT;4_DOT;5_DOT;5_DOT;9_DOT;WEST;GREEN,9_CHAR;9_CHAR;9_CHAR,red_4,
4_BAM;6_BAM;5_CHAR;8_CHAR;2_DOT;3_DOT;3_DOT;SOUTH;NORTH;RED;WHITE,4_BAM;5_BAM;6_BAM,centipede,
1_BAM;2_BAM;4_BAM;8_BAM;4_CHAR;5_CHAR;8_CHAR;1_DOT;7_DOT;9_DOT;EAST;SOUTH;NORTH;RED,,,
6_BAM;8_BAM;8_BAM;8_BAM;3_CHAR;9_CHAR;6_DOT;7_DOT;9_DOT;EAST;RED,7_CHAR;7_CHAR;7_CHAR,,
2_BAM;3_BAM;4_BAM;5_BAM;5_BAM;9_BAM;3_CHAR;4_CHAR;9_CHAR;5_DOT;7_DOT;WEST;WEST;RED,,centipede,
2_BAM;4_BAM;4_CHAR;4_CHAR;9_CHAR;4_DOT;4_DOT;SOUTH,2_CHAR;2_CHAR;2_CHAR;1_CHAR;1_CHAR;1_CHAR,,
5_BAM;2_CHAR;4_CHAR;9_CHAR;1_DOT;3_DOT;3_DOT;EAST;NORTH;NORTH;WHITE,2_BAM;3_BAM;4_BAM,blue_2;red_2,
7_BAM;7_BAM;8_BAM;9_BAM;1_CHAR;1_CHAR;6_CHAR;1_DOT;5_DOT;8_DOT;8_DOT;9_DOT;WEST;RED,,blue_1,
1_BAM;1_BAM;3_BAM;5_BAM;5_CHAR;7_CHAR;7_CHAR;8_CHAR;9_CHAR;3_DOT;4_DOT,8_BAM;8_BAM;8_BAM,red_2,
1_BAM;1_CHAR;2_CHAR;4_CHAR;5_CHAR;6_CHAR;RED;WHITE,8_CHAR;8_CHAR;8_CHAR;3_CHAR;4_CHAR;5_CHAR,blue_3,
2_BAM;7_BAM;2_CHAR;3_CHAR;6_CHAR;9_CHAR;1_DOT;1_DOT;7_DOT;8_DOT;8_DOT;SOUTH;NORTH;WHITE,,red_2,
2_BAM;7_BAM;7_CHAR;9_CHAR;4_DOT;7_DOT;7_DOT;NORTH,3_CHAR;3_CHAR;3_CHAR;2_DOT;2_DOT;2_DOT,centipede,
3_BAM;4_BAM;4_BAM;5_BAM;9_CHAR;9_CHAR;1_DOT;2_DOT;5_DOT;WEST;WHITE,1_BAM;2_BAM;3_BAM,chicken,
1_BAM;6_BAM;9_BAM;4_CHAR;7_CHAR;9_CHAR;7_DOT;8_DOT;RED;GREEN;WHITE,2_DOT;2_DOT;2_DOT,,
2_BAM;4_BAM;9_BAM;1_CHAR;2_CHAR;4_CHAR;4_CHAR;6_CHAR;8_CHAR;4_DOT;9_DOT;WEST;RED;RED,,red_2,
2_BAM;5_BAM;5_BAM;9_BAM;2_DOT;3_DOT;8_DOT;9_DOT,1_CHAR;2_CHAR;3_CHAR;3_CHAR;4_CHAR;5_CHAR,,
4_BAM;8_BAM;1_CHAR;4_DOT;6_DOT;9_DOT;9_DOT;WEST;RED;RED;WHITE,1_BAM;2_BAM;3_BAM,blue_2,
1_BAM;2_BAM;2_BAM;2_BAM;6_BAM;2_CHAR;6_CHAR;7_CHAR;9_CHAR;4_DOT;7_DOT,4_CHAR;5_CHAR;6_CHAR,centipede,
1_BAM;3_BAM;6_BAM;9_BAM;5_CHAR;5_CHAR;3_DOT;5_DOT;8_DOT;EAST;NORTH;GREEN;GREEN;WHITE,,,
7_BAM;8_BAM;9_BAM;3_CHAR;4_CHAR;5_CHAR;9_CHAR;3_DOT;7_DOT;7_DOT;8_DOT;9_DOT;SOUTH;RED,,red_4;blue_2,
1_BAM;6_CHAR;8_CHAR;4_DOT;5_DOT;7_DOT;NORTH;WHITE,3_BAM;4_BAM;5_BAM;4_DOT;5_DOT;6_DOT,red_1,
3_BAM;3_BAM;5_BAM;4_CHAR;6_CHAR;7_CHAR;4_DOT;7_DOT;WEST;WEST;NORTH,5_DOT;6_DOT;7_DOT,blue_2;blue_1,
6_BAM;8_BAM;2_DOT;5_DOT;5_DOT;WEST;GREEN;WHITE,WEST;WEST;WEST;1_DOT;2_DOT;3_DOT,,
1_BAM;2_BAM;5_BAM;9_BAM;6_CHAR;3_DOT;5_DOT;EAST;EAST;SOUTH;RED,1_CHAR;1_CHAR;1_CHAR,,
4_BAM;4_BAM;6_BAM;8_BAM;8_BAM;3_CHAR;1_DOT;3_DOT;8_DOT;9_DOT;WEST,4_CHAR;5_CHAR;6_CHAR,,
8_BAM;5_CHAR;5_CHAR;4_DOT;7_DOT;8_DOT;SOUTH;RED,7_BAM;8_BAM;9_BAM;1_CHAR;2_CHAR;3_CHAR,,
5_BAM;5_BAM;6_BAM;3_CHAR;3_CHAR;4_CHAR;3_DOT;3_DOT;5_DOT;6_DOT;EAST;WEST;NORTH;RED,,,
4_BAM;7_BAM;8_BAM;1_CHAR;8_CHAR;9_CHAR;1_DOT;3_DOT;5_DOT;SOUTH;NORTH,2_BAM;2_BAM;2_BAM,,
6_BAM;7_BAM;8_BAM;4_CHAR;8_CHAR;1_DOT;4_DOT;5_DOT;SOUTH;SOUTH;GREEN,4_BAM;5_BAM;6_BAM,,
3_BAM;7_BAM;8_BAM;9_BAM;6_CHAR;6_CHAR;8_CHAR;2_DOT;4_DOT;5_DOT;9_DOT;EAST;NORTH;GREEN,,blue_1;red_3,
1_BAM;4_BAM;5_BAM;1_CHAR;2_CHAR;4_CHAR;5_CHAR;6_CHAR;5_DOT;6_DOT;EAST;NORTH;NORTH;GREEN,,centipede,
1_BAM;5_BAM;5_BAM;5_CHAR;7_CHAR;3_DOT;7_DOT;7_DOT;EAST;EAST;RED,5_CHAR;6_CHAR;7_CHAR,blue_2,
3_BAM;7_CHAR;3_DOT;3_DOT;6_DOT;8_DOT;WEST;RED,7_DOT;8_DOT;9_DOT;6_CHAR;6_CHAR;6_CHAR,,
1_CHAR;3_CHAR;5_CHAR;6_CHAR;7_CHAR;4_DOT;5_DOT;7_DOT;8_DOT;SOUTH;GREEN,1_BAM;1_BAM;1_BAM,,
2_BAM;6_BAM;1_CHAR;1_CHAR;2_CHAR;3_DOT;4_DOT;5_DOT;5_DOT;EAST;WEST,4_BAM;4_BAM;4_BAM,red_4;blue_4,
2_BAM;7_BAM;1_CHAR;4_CHAR;7_CHAR;7_CHAR;7_CHAR;9_CHAR;9_CHAR;2_DOT;3_DOT;7_DOT;RED;GREEN,,blue_2,
2_BAM;2_BAM;4_BAM;8_BAM;1_CHAR;2_CHAR;2_DOT;SOUTH;NORTH;RED;GREEN,7_DOT;7_DOT;7_DOT,,
3_BAM;3_BAM;5_BAM;5_BAM;3_CHAR;6_CHAR;3_DOT;4_DOT;6_DOT;9_DOT;GREEN,WHITE;WHITE;WHITE,rat,
1_BAM;2_BAM;3_BAM;6_CHAR;3_DOT;3_DOT;5_DOT;EAST,WHITE;WHITE;WHITE;2_DOT;3_DOT;4_DOT,,
5_BAM;7_BAM;9_BAM;9_CHAR;1_DOT;3_DOT;8_DOT;EAST,2_BAM;3_BAM;4_BAM;6_CHAR;7_CHAR;8_CHAR,,
1_BAM;2_BAM;3_BAM;1_CHAR;1_CHAR;1_CHAR;1_CHAR;3_CHAR;5_CHAR;5_CHAR;5_DOT;NORTH;NORTH;GREEN,,red_4,
2_BAM;3_CHAR;4_CHAR;9_CHAR;3_DOT;5_DOT;7_DOT;SOUTH,3_BAM;4_BAM;5_BAM;1_DOT;2_DOT;3_DOT,blue_3,
3_BAM;4_BAM;4_BAM;9_BAM;3_CHAR;3_CHAR;4_DOT;5_DOT;6_DOT;7_DOT;9_DOT;SOUTH;SOUTH;NORTH,,,
1_BAM;4_BAM;6_BAM;8_BAM;2_DOT;2_DOT;2_DOT;2_DOT;3_DOT;WEST;RED,5_CHAR;5_CHAR;5_CHAR,chicken,
1_BAM;5_BAM;7_BAM;2_CHAR;6_DOT;6_DOT;EAST;SOUTH,3_CHAR;4_CHAR;5_CHAR;5_BAM;6_BAM;7_BAM,blue_2;centipede,
3_BAM;3_BAM;8_BAM;2_CHAR;8_CHAR;8_CHAR;8_CHAR;9_CHAR;3_DOT;6_DOT;7_DOT;9_DOT;WEST;NORTH,,centipede;red_3,
5_BAM;7_BAM;9_BAM;2_CHAR;5_CHAR;3_DOT;8_DOT;GREEN,4_CHAR;5_CHAR;6_CHAR;2_DOT;3_DOT;4_DOT,blue_1;cat,
1_BAM;1_BAM;5_BAM;3_CHAR;9_CHAR;1_DOT;2_DOT;3_DOT;4_DOT;6_DOT;7_DOT;8_DOT;EAST;GREEN,,blue_2,
3_BAM;5_BAM;7_BAM;7_BAM;1_CHAR;7_CHAR;8_CHAR;EAST,3_CHAR;3_CHAR;3_CHAR;2_BAM;2_BAM;2_BAM,blue_3;red_3,
7_CHAR;7_CHAR;9_CHAR;2_DOT;2_DOT;6_DOT;WEST;WEST,8_CHAR;8_CHAR;8_CHAR;2_BAM;3_BAM;4_BAM,rat,
1_BAM;6_BAM;6_BAM;6_CHAR;2_DOT;2_DOT;4_DOT;4_DOT;5_DOT;9_DOT;GREEN,4_BAM;5_BAM;6_BAM,rat,
3_BAM;8_BAM;9_BAM;3_CHAR;3_CHAR;4_CHAR;5_CHAR;8_CHAR;1_DOT;2_DOT;WEST,7_BAM;8_BAM;9_BAM,blue_3;centipede,
2_BAM;9_BAM;1_CHAR;4_CHAR;4_CHAR;4_CHAR;4_CHAR;4_DOT;5_DOT;9_DOT;EAST,7_BAM;7_BAM;7_BAM,red_3;blue_4,
3_BAM;8_BAM;3_CHAR;7_CHAR;1_DOT;2_DOT;5_DOT;8_DOT;9_DOT;WEST;RED,6_BAM;7_BAM;8_BAM,,
1_BAM;1_CHAR;2_CHAR;5_CHAR;8_CHAR;6_DOT;7_DOT;RED,3_BAM;3_BAM;3_BAM;6_CHAR;6_CHAR;6_CHAR,red_3;rat,
1_BAM;3_BAM;6_BAM;7_CHAR;5_DOT;8_DOT;EAST;WEST,4_DOT;5_DOT;6_DOT;WEST;WEST;WEST,,
8_BAM;1_CHAR;4_CHAR;1_DOT;2_DOT;6_DOT;6_DOT;7_DOT,6_BAM;6_BAM;6_BAM;1_DOT;2_DOT;3_DOT,centipede,
3_BAM;5_BAM;9_BAM;9_BAM;2_CHAR;2_CHAR;2_CHAR;6_CHAR;1_DOT;5_DOT;EAST,4_DOT;5_DOT;6_DOT,blue_4;blue_3,
2_BAM;6_BAM;8_BAM;4_CHAR;5_CHAR;1_DOT;NORTH;WHITE,5_DOT;6_DOT;7_DOT;1_DOT;2_DOT;3_DOT,,
4_BAM;9_BAM;3_CHAR;3_CHAR;1_DOT;6_DOT;6_DOT;WHITE,1_BAM;2_BAM;3_BAM;1_DOT;2_DOT;3_DOT,blue_3;red_1,
6_CHAR;3_DOT;6_DOT;6_DOT;6_DOT;7_DOT;EAST;EAST,SOUTH;SOUTH;SOUTH;7_DOT;7_DOT;7_DOT,cat,
6_BAM;8_BAM;7_CHAR;9_CHAR;3_DOT;5_DOT;9_DOT;9_DOT;SOUTH;WEST;WHITE,EAST;EAST;EAST,,
2_BAM;6_BAM;3_CHAR;6_CHAR;8_CHAR;9_CHAR;1_DOT;3_DOT;9_DOT;9_DOT;GREEN,3_DOT;3_DOT;3_DOT,chicken,
2_BAM;6_BAM;8_BAM;1_CHAR;4_CHAR;1_DOT;1_DOT;3_DOT;3_DOT;6_DOT;7_DOT;8_DOT;9_DOT;WEST,,chicken,
1_BAM;2_BAM;4_BAM;7_BAM;9_BAM;9_BAM;1_CHAR;5_CHAR;7_CHAR;6_DOT;9_DOT;SOUTH;NORTH;GREEN,,,
4_BAM;5_BAM;8_BAM;9_BAM;4_CHAR;6_CHAR;4_DOT;8_DOT;9_DOT;EAST;WEST;GREEN;GREEN;WHITE,,,
1_BAM;1_BAM;2_BAM;7_DOT;SOUTH;WEST;NORTH;GREEN,7_CHAR;8_CHAR;9_CHAR;7_CHAR;7_CHAR;7_CHAR,,
1_BAM;4_BAM;1_CHAR;1_CHAR;5_CHAR;6_CHAR;2_DOT;7_DOT,9_DOT;9_DOT;9_DOT;8_DOT;8_DOT;8_DOT,rat,
1_BAM;6_BAM;4_CHAR;7_CHAR;9_CHAR;9_CHAR;4_DOT;SOUTH,7_CHAR;7_CHAR;7_CHAR;2_BAM;3_BAM;4_BAM,chicken,
1_CHAR;3_CHAR;6_CHAR;8_CHAR;8_CHAR;2_DOT;4_DOT;9_DOT;9_DOT;SOUTH;RED,6_CHAR;6_CHAR;6_CHAR,cat,
2_BAM;9_BAM;1_CHAR;2_CHAR;8_CHAR;2_DOT;3_DOT;GREEN,2_CHAR;3_CHAR;4_CHAR;5_BAM;5_BAM;5_BAM,blue_2;cat,
1_BAM;8_BAM;9_BAM;2_CHAR;3_CHAR;9_CHAR;3_DOT;6_DOT;NORTH;NORTH;GREEN,7_CHAR;7_CHAR;7_CHAR,red_3,
3_BAM;4_BAM;4_BAM;6_BAM;8_BAM;8_CHAR;8_CHAR;9_DOT;9_DOT;WEST;RED,3_CHAR;4_CHAR;5_CHAR,red_1,
4_BAM;8_BAM;9_BAM;4_CHAR;5_CHAR;3_DOT;7_DOT;SOUTH,5_CHAR;6_CHAR;7_CHAR;1_DOT;2_DOT;3_DOT,red_3;blue_4,
2_BAM;7_BAM;1_CHAR;1_CHAR;3_CHAR;3_CHAR;6_CHAR;7_CHAR;8_CHAR;1_DOT;3_DOT;7_DOT;SOUTH;WEST,,blue_4,
1_BAM;3_BAM;5_BAM;1_CHAR;2_CHAR;5_CHAR;6_DOT;7_DOT;9_DOT;9_DOT;NORTH,1_BAM;2_BAM;3_BAM,rat;red_4,
5_BAM;6_BAM;4_CHAR;1_DOT;4_DOT;9_DOT;EAST;EAST;EAST;SOUTH;SOUTH;WEST;WEST;WHITE,,,
3_BAM;4_BAM;6_BAM;9_BAM;2_CHAR;8_CHAR;3_DOT;4_DOT,3_DOT;4_DOT;5_DOT;9_CHAR;9_CHAR;9_CHAR,,
1_BAM;6_BAM;7_BAM;8_BAM;3_CHAR;3_CHAR;5_CHAR;6_CHAR;7_CHAR;8_CHAR;9_CHAR;1_DOT;WEST;GREEN,,blue_2,
3_BAM;8_BAM;1_CHAR;1_CHAR;2_CHAR;4_CHAR;5_CHAR;4_DOT;5_DOT;EAST;SOUTH;RED;WHITE;WHITE,,red_4;blue_4,
1_BAM;2_BAM;9_BAM;7_CHAR;8_CHAR;8_CHAR;9_CHAR;9_CHAR;6_DOT;7_DOT;7_DOT;8_DOT;9_DOT;RED,,,
6_BAM;7_BAM;9_BAM;1_CHAR;1_CHAR;4_CHAR;6_CHAR;6_CHAR;8_CHAR;7_DOT;8_DOT;EAST;EAST;RED,,,
6_BAM;7_BAM;3_CHAR;4_CHAR;4_CHAR;5_CHAR;6_CHAR;6_CHAR;9_CHAR;2_DOT;5_DOT;5_DOT;EAST;SOUTH,,,
2_BAM;5_BAM;7_BAM;9_BAM;1_DOT;3_DOT;3_DOT;8_DOT,6_CHAR;6_CHAR;6_CHAR;1_BAM;1_BAM;1_BAM,,
1_BAM;5_BAM;8_BAM;8_BAM;5_CHAR;5_CHAR;5_CHAR;7_CHAR;4_DOT;5_DOT;5_DOT;SOUTH;WEST;RED,,blue_3,
8_BAM;9_BAM;3_CHAR;5_CHAR;7_CHAR;9_CHAR;9_CHAR;3_DOT;SOUTH;GREEN;WHITE,8_DOT;8_DOT;8_DOT,cat;blue_3,
2_BAM;6_CHAR;7_CHAR;1_DOT;2_DOT;4_DOT;4_DOT;9_DOT;9_DOT;SOUTH;NORTH,7_CHAR;8_CHAR;9_CHAR,blue_2;red_1,
5_BAM;6_BAM;6_BAM;8_BAM;3_CHAR;6_CHAR;7_CHAR;3_DOT;7_DOT;8_DOT;EAST;NORTH;WHITE;WHITE,,,
4_BAM;9_BAM;3_CHAR;7_CHAR;1_DOT;1_DOT;2_DOT;6_DOT;8_DOT;9_DOT;SOUTH;NORTH;GREEN;WHITE,,,
5_BAM;5_BAM;6_BAM;5_CHAR;5_CHAR;6_CHAR;7_DOT;GREEN,1_CHAR;2_CHAR;3_CHAR;1_BAM;2_BAM;3_BAM,,
4_CHAR;6_CHAR;7_CHAR;2_DOT;2_DOT;2_DOT;5_DOT;8_DOT,5_BAM;5_BAM;5_BAM;2_BAM;3_BAM;4_BAM,chicken,
3_BAM;1_CHAR;5_CHAR;8_CHAR;4_DOT;EAST;WEST;NORTH,7_BAM;8_BAM;9_BAM;4_DOT;4_DOT;4_DOT,centipede;blue_3,
4_BAM;1_CHAR;1_CHAR;9_CHAR;1_DOT;8_DOT;EAST;WEST,6_CHAR;6_CHAR;6_CHAR;7_CHAR;8_CHAR;9_CHAR,red_4,
1_BAM;2_BAM;7_BAM;7_BAM;2_CHAR;8_CHAR;4_DOT;4_DOT;EAST;RED;GREEN,9_BAM;9_BAM;9_BAM,,
4_BAM;4_BAM;3_CHAR;4_CHAR;6_CHAR;9_CHAR;1_DOT;2_DOT;3_DOT;4_DOT;5_DOT;6_DOT;8_DOT;WEST,,,
3_BAM;5_BAM;7_BAM;8_BAM;4_DOT;6_DOT;8_DOT;8_DOT;9_DOT;EAST;WHITE,3_BAM;3_BAM;3_BAM,,
3_BAM;4_BAM;2_CHAR;8_CHAR;3_DOT;5_DOT;5_DOT;7_DOT;NORTH;NORTH;GREEN,6_CHAR;7_CHAR;8_CHAR,,
1_BAM;5_BAM;6_BAM;9_BAM;1_CHAR;1_CHAR;2_CHAR;5_CHAR;7_CHAR;7_CHAR;NORTH;NORTH;RED;WHITE,,,
3_BAM;5_BAM;7_BAM;5_DOT;6_DOT;6_DOT;RED;WHITE,9_CHAR;9_CHAR;9_CHAR;2_BAM;2_BAM;2_BAM,,
1_BAM;2_BAM;7_BAM;8_BAM;6_CHAR;9_CHAR;9_CHAR;7_DOT;7_DOT;SOUTH;SOUTH,9_DOT;9_DOT;9_DOT,red_3;blue_4,
2_BAM;3_BAM;9_BAM;7_CHAR;8_CHAR;8_CHAR;1_DOT;RED,3_CHAR;4_CHAR;5_CHAR;1_BAM;2_BAM;3_BAM,centipede,
2_CHAR;3_CHAR;7_CHAR;8_CHAR;8_CHAR;8_DOT;9_DOT;SOUTH;WEST;WEST;NORTH,9_CHAR;9_CHAR;9_CHAR,blue_3,
2_BAM;5_BAM;1_CHAR;2_CHAR;3_CHAR;2_DOT;3_DOT;7_DOT;8_DOT;9_DOT;WHITE,7_CHAR;8_CHAR;9_CHAR,,
2_BAM;3_BAM;5_BAM;6_BAM;2_CHAR;3_CHAR;9_CHAR;SOUTH,4_CHAR;4_CHAR;4_CHAR;4_BAM;4_BAM;4_BAM,centipede;red_4,
1_BAM;3_BAM;6_BAM;8_BAM;1_CHAR;5_CHAR;4_DOT;8_DOT,9_DOT;9_DOT;9_DOT;5_BAM;5_BAM;5_BAM,red_1;blue_3,
6_BAM;6_BAM;5_CHAR;6_CHAR;7_CHAR;WEST;NORTH;NORTH;RED;GREEN;GREEN,4_DOT;4_DOT;4_DOT,cat;blue_4,
5_BAM;6_BAM;6_BAM;6_BAM;9_BAM;3_CHAR;6_CHAR;7_DOT;WEST;NORTH;NORTH,5_BAM;5_BAM;5_BAM,blue_2,
4_BAM;5_BAM;5_BAM;1_CHAR;2_CHAR;3_CHAR;3_CHAR;5_CHAR;7_CHAR;1_DOT;6_DOT;7_DOT;8_DOT;RED,,,
2_BAM;3_BAM;5_BAM;9_BAM;2_CHAR;2_CHAR;4_CHAR;5_CHAR;7_CHAR;8_CHAR;1_DOT;8_DOT;EAST;WHITE,,rat,
1_BAM;5_BAM;7_BAM;2_CHAR;9_CHAR;2_DOT;NORTH;NORTH,6_BAM;6_BAM;6_BAM;7_DOT;8_DOT;9_DOT,centipede,
1_BAM;3_BAM;7_BAM;2_CHAR;7_CHAR;7_CHAR;4_DOT;7_DOT;8_DOT;9_DOT;NORTH;RED;GREEN;GREEN,,red_4;rat,
4_BAM;8_BAM;8_BAM;2_CHAR;5_CHAR;2_DOT;7_DOT;GREEN,2_BAM;3_BAM;4_BAM;2_CHAR;3_CHAR;4_CHAR,,
1_BAM;3_BAM;4_BAM;4_BAM;5_BAM;5_BAM;8_BAM;2_CHAR;3_CHAR;3_CHAR;4_CHAR;5_CHAR;WEST;GREEN,,,
2_BAM;5_BAM;8_BAM;9_BAM;2_CHAR;3_CHAR;5_CHAR;7_CHAR;1_DOT;2_DOT;9_DOT;9_DOT;EAST;EAST,,blue_4,
5_BAM;8_BAM;9_BAM;2_CHAR;3_CHAR;1_DOT;2_DOT;6_DOT;6_DOT;7_DOT;RED,6_CHAR;6_CHAR;6_CHAR,blue_2,
2_BAM;2_BAM;3_BAM;5_BAM;3_CHAR;7_CHAR;8_CHAR;5_DOT;7_DOT;SOUTH;WEST,2_BAM;3_BAM;4_BAM,red_3;red_4,
6_BAM;5_CHAR;7_CHAR;8_CHAR;3_DOT;9_DOT;EAST;WEST,5_BAM;5_BAM;5_BAM;8_DOT;8_DOT;8_DOT,red_3,
2_BAM;2_BAM;2_BAM;5_BAM;1_CHAR;4_CHAR;6_CHAR;RED,4_CHAR;4_CHAR;4_CHAR;6_DOT;6_DOT;6_DOT,,
4_BAM;8_BAM;8_BAM;3_DOT;4_DOT;8_DOT;8_DOT;WHITE,EAST;EAST;EAST;4_BAM;5_BAM;6_BAM,blue_3,
9_BAM;3_CHAR;3_CHAR;6_CHAR;9_CHAR;3_DOT;6_DOT;7_DOT;EAST;SOUTH;WEST;RED;RED;GREEN,,centipede;blue_3,
2_BAM;8_BAM;9_BAM;3_CHAR;3_CHAR;9_DOT;RED;GREEN,2_DOT;2_DOT;2_DOT;7_BAM;8_BAM;9_BAM,blue_4,
2_BAM;9_CHAR;3_DOT;6_DOT;6_DOT;7_DOT;WEST;NORTH,2_BAM;3_BAM;4_BAM;6_BAM;6_BAM;6_BAM,red_2,
1_BAM;3_BAM;4_BAM;9_BAM;3_CHAR;6_CHAR;9_CHAR;7_DOT;EAST;NORTH;RED,2_CHAR;3_CHAR;4_CHAR,blue_3;cat,
3_BAM;7_BAM;5_CHAR;7_CHAR;7_CHAR;8_CHAR;3_DOT;3_DOT;4_DOT;4_DOT;EAST;EAST;SOUTH;RED,,blue_2,
2_BAM;6_BAM;8_BAM;3_CHAR;6_CHAR;9_CHAR;3_DOT;7_DOT,NORTH;NORTH;NORTH;4_DOT;4_DOT;4_DOT,,
3_BAM;3_CHAR;7_CHAR;8_CHAR;9_CHAR;6_DOT;9_DOT;GREEN,6_DOT;6_DOT;6_DOT;2_CHAR;2_CHAR;2_CHAR,,
4_BAM;9_BAM;8_CHAR;8_CHAR;9_DOT;EAST;GREEN;WHITE,5_DOT;5_DOT;5_DOT;WHITE;WHITE;WHITE,,
1_BAM;4_BAM;5_BAM;5_BAM;8_BAM;9_BAM;8_CHAR;3_DOT;4_DOT;6_DOT;7_DOT,5_CHAR;6_CHAR;7_CHAR,red_4,
1_BAM;2_BAM;4_BAM;1_CHAR;2_CHAR;3_CHAR;9_CHAR;9_CHAR;3_DOT;4_DOT;9_DOT;9_DOT;SOUTH;GREEN,,red_1;chicken,
3_BAM;3_CHAR;7_CHAR;3_DOT;4_DOT;5_DOT;6_DOT;8_DOT,4_CHAR;4_CHAR;4_CHAR;6_BAM;6_BAM;6_BAM,rat;blue_1,
3_BAM;5_BAM;5_BAM;6_BAM;7_BAM;4_CHAR;5_CHAR;5_CHAR;9_CHAR;4_DOT;5_DOT;5_DOT;7_DOT;WEST,,red_4,
2_BAM;9_BAM;4_DOT;6_DOT;8_DOT;WEST;WEST;NORTH,3_CHAR;3_CHAR;3_CHAR;EAST;EAST;EAST,red_2;cat,
8_BAM;6_CHAR;9_CHAR;3_DOT;9_DOT;WEST;RED;WHITE,5_BAM;6_BAM;7_BAM;7_CHAR;8_CHAR;9_CHAR,chicken,
1_BAM;4_BAM;7_BAM;6_CHAR;8_CHAR;9_CHAR;1_DOT;2_DOT;6_DOT;7_DOT;WHITE,7_BAM;7_BAM;7_BAM,,
7_BAM;3_CHAR;4_CHAR;5_CHAR;9_CHAR;1_DOT;3_DOT;5_DOT;6_DOT;7_DOT;9_DOT;SOUTH;SOUTH;WEST,,,
5_BAM;7_BAM;1_CHAR;4_CHAR;1_DOT;6_DOT;EAST;WHITE,2_BAM;2_BAM;2_BAM;RED;RED;RED,blue_2;red_4,
5_BAM;8_BAM;9_BAM;9_BAM;5_CHAR;1_DOT;1_DOT;2_DOT;9_DOT;WEST;RED,3_CHAR;4_CHAR;5_CHAR,red_2;blue_3,
2_BAM;5_BAM;6_BAM;3_CHAR;3_DOT;5_DOT;EAST;SOUTH;SOUTH;NORTH;GREEN,6_BAM;7_BAM;8_BAM,chicken,
2_BAM;3_BAM;4_BAM;6_BAM;6_CHAR;7_CHAR;5_DOT;9_DOT,8_DOT;8_DOT;8_DOT;WHITE;WHITE;WHITE,,
4_BAM;7_BAM;1_CHAR;2_CHAR;7_DOT;9_DOT;WEST;WEST,6_BAM;7_BAM;8_BAM;4_BAM;5_BAM;6_BAM,red_2,
8_BAM;8_CHAR;8_CHAR;9_CHAR;2_DOT;5_DOT;7_DOT;SOUTH,3_DOT;3_DOT;3_DOT;1_DOT;2_DOT;3_DOT,red_2;red_3,
1_BAM;1_BAM;2_BAM;4_BAM;5_BAM;6_BAM;8_BAM;4_CHAR;5_CHAR;6_CHAR;9_CHAR;8_DOT;8_DOT;WEST,,,
1_BAM;1_BAM;9_BAM;1_CHAR;4_CHAR;6_CHAR;1_DOT;7_DOT;7_DOT;WEST;WHITE,1_CHAR;1_CHAR;1_CHAR,blue_3;cat,
6_BAM;9_BAM;6_CHAR;7_DOT;7_DOT;EAST;WHITE;WHITE,7_CHAR;8_CHAR;9_CHAR;1_BAM;1_BAM;1_BAM,red_2,
2_BAM;6_BAM;9_BAM;1_CHAR;4_CHAR;2_DOT;NORTH;NORTH,4_BAM;4_BAM;4_BAM;4_CHAR;4_CHAR;4_CHAR,,
5_BAM;6_BAM;7_BAM;5_CHAR;6_CHAR;7_CHAR;5_DOT;9_DOT;EAST;SOUTH;WEST;RED;GREEN;WHITE,,,
3_BAM;4_BAM;5_BAM;8_BAM;9_BAM;9_BAM;6_CHAR;2_DOT;3_DOT;7_DOT;7_DOT;7_DOT;8_DOT;GREEN,,red_4,
3_BAM;4_BAM;9_BAM;2_CHAR;6_CHAR;2_DOT;EAST;NORTH,6_CHAR;7_CHAR;8_CHAR;2_BAM;3_BAM;4_BAM,blue_4;chicken,
9_BAM;1_CHAR;1_CHAR;5_CHAR;6_CHAR;9_CHAR;1_DOT;1_DOT;3_DOT;9_DOT;EAST,5_DOT;6_DOT;7_DOT,blue_2,
1_BAM;4_BAM;5_BAM;6_BAM;4_CHAR;7_CHAR;3_DOT;8_DOT;NORTH;RED;GREEN,4_BAM;4_BAM;4_BAM,cat;blue_4,
3_BAM;4_BAM;6_BAM;5_CHAR;4_DOT;6_DOT;8_DOT;WHITE,5_CHAR;5_CHAR;5_CHAR;8_CHAR;8_CHAR;8_CHAR,red_3;blue_4,
7_BAM;2_CHAR;3_CHAR;3_CHAR;4_CHAR;6_CHAR;2_DOT;3_DOT;5_DOT;5_DOT;5_DOT;EAST;SOUTH;RED,,blue_3,
6_BAM;4_CHAR;5_DOT;7_DOT;EAST;SOUTH;NORTH;NORTH,4_CHAR;5_CHAR;6_CHAR;9_DOT;9_DOT;9_DOT,,
1_BAM;5_BAM;3_CHAR;4_CHAR;7_DOT;9_DOT;SOUTH;NORTH,1_DOT;2_DOT;3_DOT;3_BAM;4_BAM;5_BAM,red_3;blue_1,
1_BAM;3_BAM;3_BAM;3_BAM;7_BAM;9_BAM;4_CHAR;6_CHAR;7_CHAR;7_CHAR;8_CHAR;2_DOT;8_DOT;GREEN,,,
2_BAM;6_BAM;1_CHAR;5_CHAR;5_CHAR;8_CHAR;9_CHAR;1_DOT;3_DOT;3_DOT;6_DOT;6_DOT;7_DOT;8_DOT,,,
5_BAM;2_CHAR;7_CHAR;9_CHAR;5_DOT;6_DOT;7_DOT;WEST,9_CHAR;9_CHAR;9_CHAR;5_CHAR;6_CHAR;7_CHAR,centipede;blue_3,
2_BAM;7_BAM;3_CHAR;4_CHAR;5_DOT;5_DOT;WEST;WHITE,8_DOT;8_DOT;8_DOT;2_BAM;2_BAM;2_BAM,blue_1,
3_BAM;7_BAM;6_CHAR;9_DOT;EAST;WEST;WHITE;WHITE,SOUTH;SOUTH;SOUTH;4_DOT;4_DOT;4_DOT,centipede;blue_2,
1_BAM;5_BAM;5_BAM;6_BAM;2_CHAR;2_CHAR;7_CHAR;8_CHAR;1_DOT;3_DOT;8_DOT;EAST;EAST;SOUTH,,,
2_BAM;3_BAM;7_BAM;9_BAM;3_CHAR;4_CHAR;5_CHAR;6_CHAR;6_CHAR;9_CHAR;2_DOT;3_DOT;3_DOT;EAST,,blue_2;red_4,
3_BAM;5_BAM;6_BAM;7_BAM;2_CHAR;5_CHAR;6_CHAR;5_DOT;7_DOT;EAST;WEST;GREEN;WHITE;WHITE,,,
5_BAM;1_CHAR;2_CHAR;5_CHAR;7_CHAR;9_CHAR;1_DOT;3_DOT;5_DOT;5_DOT;8_DOT;EAST;SOUTH;RED,,red_1;rat,
1_BAM;2_BAM;2_BAM;6_BAM;9_BAM;2_CHAR;2_CHAR;3_CHAR;6_DOT;8_DOT;9_DOT;NORTH;RED;WHITE,,red_3,
3_BAM;8_BAM;5_CHAR;7_CHAR;1_DOT;7_DOT;RED;WHITE,5_BAM;6_BAM;7_BAM;NORTH;NORTH;NORTH,,
1_BAM;1_BAM;1_BAM;6_BAM;1_DOT;7_DOT;7_DOT;WHITE,6_BAM;7_BAM;8_BAM;5_CHAR;6_CHAR;7_CHAR,red_4,
4_BAM;9_BAM;3_CHAR;3_CHAR;4_CHAR;5_CHAR;9_CHAR;4_DOT;5_DOT;5_DOT;8_DOT;EAST;EAST;GREEN,,rat,
1_BAM;9_BAM;9_BAM;1_CHAR;6_CHAR;7_CHAR;2_DOT;9_DOT;9_DOT;RED;GREEN,6_DOT;7_DOT;8_DOT,red_2,
6_BAM;7_BAM;1_CHAR;6_CHAR;7_CHAR;4_DOT;6_DOT;7_DOT;8_DOT;9_DOT;WEST,8_DOT;8_DOT;8_DOT,centipede;blue_4,
1_BAM;9_BAM;9_BAM;9_BAM;4_CHAR;4_CHAR;7_CHAR;EAST,RED;RED;RED;1_BAM;2_BAM;3_BAM,,
3_BAM;8_BAM;7_CHAR;2_DOT;2_DOT;3_DOT;5_DOT;9_DOT;9_DOT;EAST;WEST,4_CHAR;5_CHAR;6_CHAR,blue_1,
1_BAM;3_BAM;4_BAM;4_CHAR;8_CHAR;1_DOT;1_DOT;6_DOT;9_DOT;SOUTH;SOUTH;NORTH;NORTH;RED,,,
4_BAM;9_BAM;6_CHAR;1_DOT;1_DOT;3_DOT;5_DOT;6_DOT;7_DOT;NORTH;WHITE,WEST;WEST;WEST,,
3_BAM;7_BAM;1_CHAR;3_CHAR;6_CHAR;9_CHAR;2_DOT;3_DOT;5_DOT;6_DOT;7_DOT;9_DOT;SOUTH;NORTH,,,
1_BAM;8_BAM;4_CHAR;6_DOT;9_DOT;WEST;WEST;RED,EAST;EAST;EAST;4_BAM;5_BAM;6_BAM,red_4,
2_BAM;2_CHAR;3_CHAR;6_CHAR;8_CHAR;8_CHAR;4_DOT;EAST,WHITE;WHITE;WHITE;1_CHAR;2_CHAR;3_CHAR,blue_3,
1_BAM;2_BAM;4_BAM;5_BAM;7_BAM;4_CHAR;8_CHAR;8_CHAR;3_DOT;4_DOT;EAST;SOUTH;RED;RED,,,
1_BAM;1_BAM;3_BAM;4_BAM;4_BAM;1_DOT;3_DOT;6_DOT;7_DOT;SOUTH;RED,1_DOT;2_DOT;3_DOT,blue_4,
1_BAM;2_BAM;2_BAM;6_BAM;9_BAM;3_CHAR;7_CHAR;5_DOT,NORTH;NORTH;NORTH;EAST;EAST;EAST,,
6_BAM;8_BAM;4_CHAR;6_CHAR;7_CHAR;8_CHAR;9_CHAR;6_DOT;7_DOT;8_DOT;9_DOT;NORTH;WHITE;WHITE,,,
1_BAM;2_BAM;7_BAM;1_CHAR;4_CHAR;4_DOT;5_DOT;6_DOT,7_BAM;8_BAM;9_BAM;3_CHAR;4_CHAR;5_CHAR,red_4,
3_BAM;4_BAM;2_CHAR;6_CHAR;1_DOT;4_DOT;SOUTH;WHITE,6_CHAR;6_CHAR;6_CHAR;1_CHAR;2_CHAR;3_CHAR,blue_3,
2_CHAR;7_CHAR;1_DOT;2_DOT;2_DOT;5_DOT;8_DOT;9_DOT,7_CHAR;8_CHAR;9_CHAR;1_CHAR;2_CHAR;3_CHAR,cat,
1_BAM;3_BAM;4_BAM;4_BAM;3_CHAR;7_CHAR;2_DOT;6_DOT;7_DOT;WEST;NORTH;RED;WHITE;WHITE,,,
2_CHAR;7_CHAR;7_CHAR;9_CHAR;2_DOT;8_DOT;9_DOT;NORTH,3_BAM;4_BAM;5_BAM;6_DOT;6_DOT;6_DOT,red_4;blue_3,
4_CHAR;4_CHAR;8_CHAR;1_DOT;2_DOT;3_DOT;3_DOT;7_DOT;NORTH;NORTH;WHITE,7_DOT;7_DOT;7_DOT,,
2_BAM;5_BAM;7_BAM;8_BAM;4_CHAR;8_DOT;WEST;GREEN,2_DOT;3_DOT;4_DOT;2_DOT;2_DOT;2_DOT,blue_3;chicken,
7_BAM;9_BAM;3_CHAR;8_CHAR;3_DOT;5_DOT;9_DOT;NORTH,8_DOT;8_DOT;8_DOT;4_BAM;4_BAM;4_BAM,red_3;red_4,
2_BAM;6_CHAR;1_DOT;3_DOT;EAST;EAST;SOUTH;GREEN,6_DOT;6_DOT;6_DOT;4_CHAR;4_CHAR;4_CHAR,red_3,
3_BAM;2_CHAR;4_CHAR;7_CHAR;4_DOT;4_DOT;5_DOT;WEST,1_BAM;2_BAM;3_BAM;8_BAM;8_BAM;8_BAM,,
1_BAM;5_BAM;6_BAM;8_BAM;1_CHAR;5_CHAR;6_CHAR;8_CHAR;1_DOT;5_DOT;5_DOT;7_DOT;9_DOT;WHITE,,cat,
7_BAM;6_CHAR;4_DOT;5_DOT;7_DOT;EAST;WEST;WHITE,3_BAM;3_BAM;3_BAM;5_DOT;6_DOT;7_DOT,blue_2;blue_1,
4_BAM;4_BAM;6_BAM;5_CHAR;6_CHAR;6_CHAR;7_DOT;8_DOT;9_DOT;WEST;NORTH,3_CHAR;4_CHAR;5_CHAR,,
5_BAM;6_BAM;8_BAM;3_CHAR;7_CHAR;9_CHAR;1_DOT;7_DOT,4_BAM;4_BAM;4_BAM;5_CHAR;6_CHAR;7_CHAR,red_2;blue_3,
2_BAM;1_CHAR;5_CHAR;5_CHAR;7_CHAR;8_CHAR;8_CHAR;4_DOT;7_DOT;EAST;NORTH,5_BAM;5_BAM;5_BAM,red_4;rat,
1_BAM;3_BAM;5_BAM;7_BAM;8_BAM;8_BAM;9_BAM;9_BAM;4_CHAR;4_CHAR;8_CHAR;8_CHAR;5_DOT;6_DOT,,blue_1,
1_BAM;2_BAM;2_BAM;3_BAM;6_BAM;1_CHAR;4_CHAR;3_DOT;5_DOT;7_DOT;WEST,5_DOT;6_DOT;7_DOT,,
2_BAM;5_BAM;7_BAM;1_CHAR;3_CHAR;7_CHAR;1_DOT;3_DOT;3_DOT;7_DOT;8_DOT;8_DOT;EAST;RED,,red_2,
7_BAM;9_BAM;9_BAM;1_CHAR;8_CHAR;9_CHAR;5_DOT;7_DOT;7_DOT;GREEN;WHITE,4_BAM;5_BAM;6_BAM,blue_1,
7_BAM;8_BAM;1_DOT;5_DOT;EAST;SOUTH;WEST;GREEN,7_DOT;7_DOT;7_DOT;EAST;EAST;EAST,rat,
3_BAM;9_BAM;2_CHAR;6_CHAR;8_CHAR;2_DOT;7_DOT;SOUTH;SOUTH;RED;WHITE,2_DOT;3_DOT;4_DOT,red_4;blue_3,
5_BAM;3_CHAR;7_CHAR;2_DOT;3_DOT;4_DOT;5_DOT;6_DOT;7_DOT;RED;GREEN,2_BAM;3_BAM;4_BAM,blue_2,
5_BAM;5_BAM;7_BAM;8_BAM;8_BAM;6_CHAR;8_CHAR;9_CHAR;1_DOT;3_DOT;5_DOT;9_DOT;EAST;WHITE,,chicken;red_4,
1_BAM;5_BAM;1_CHAR;8_CHAR;8_CHAR;1_DOT;5_DOT;6_DOT;7_DOT;EAST;WHITE,4_BAM;5_BAM;6_BAM,cat;blue_2,
6_BAM;8_BAM;9_CHAR;1_DOT;5_DOT;7_DOT;8_DOT;8_DOT,3_DOT;4_DOT;5_DOT;SOUTH;SOUTH;SOUTH,,
4_BAM;7_BAM;8_BAM;1_CHAR;1_CHAR;2_CHAR;2_CHAR;7_CHAR;8_CHAR;1_DOT;2_DOT;3_DOT;4_DOT;SOUTH,,,
2_BAM;2_BAM;7_BAM;2_CHAR;4_CHAR;7_CHAR;5_DOT;5_DOT;6_DOT;SOUTH;WEST,5_DOT;6_DOT;7_DOT,,
1_BAM;2_BAM;3_BAM;3_CHAR;5_CHAR;6_CHAR;6_CHAR;6_CHAR;6_CHAR;6_DOT;SOUTH;WEST;NORTH;WHITE,,centipede;chicken,
5_BAM;9_BAM;9_BAM;1_CHAR;3_CHAR;1_DOT;4_DOT;4_DOT;8_DOT;EAST;SOUTH;RED;RED;GREEN,,red_4;red_3,
2_BAM;2_BAM;3_BAM;7_BAM;4_CHAR;7_CHAR;8_CHAR;9_DOT;9_DOT;NORTH;GREEN,3_CHAR;4_CHAR;5_CHAR,red_1,
2_BAM;4_BAM;4_BAM;8_BAM;9_BAM;9_CHAR;2_DOT;4_DOT;7_DOT;9_DOT;EAST,2_DOT;2_DOT;2_DOT,blue_3,
7_BAM;7_BAM;3_CHAR;7_CHAR;7_CHAR;1_DOT;3_DOT;4_DOT;6_DOT;6_DOT;9_DOT;GREEN;GREEN;WHITE,,,
3_BAM;4_BAM;4_CHAR;4_CHAR;3_DOT;5_DOT;6_DOT;7_DOT;8_DOT;WEST;GREEN,5_DOT;5_DOT;5_DOT,cat;chicken,
5_BAM;9_BAM;4_CHAR;7_CHAR;7_DOT;WEST;WHITE;WHITE,3_BAM;4_BAM;5_BAM;4_CHAR;5_CHAR;6_CHAR,,
3_BAM;4_BAM;6_BAM;7_BAM;7_BAM;8_BAM;1_CHAR;2_CHAR;5_CHAR;2_DOT;GREEN,4_BAM;5_BAM;6_BAM,rat,
